<?xml version="1.0" standalone="yes"?>

<!-- Generated by BEAUTi v1.7.4                                              -->
<!--       by Alexei J. Drummond, Andrew Rambaut and Marc A. Suchard         -->
<!--       Department of Computer Science, University of Auckland and        -->
<!--       Institute of Evolutionary Biology, University of Edinburgh        -->
<!--       David Geffen School of Medicine, University of California, Los Angeles-->
<!--       http://beast.bio.ed.ac.uk/                                        -->
<beast>

	<!-- The list of taxa to be analysed (can also include dates/ages).          -->
	<!-- ntax=289                                                                -->
	<taxa id="taxa">
		<taxon id="179_Avian_H1N6_USA_1976">
			<date value="1976.0" direction="forwards" units="years"/>
		</taxon>
		<taxon id="165_Avian_H1N1_Canada_1977">
			<date value="1977.0" direction="forwards" units="years"/>
		</taxon>
		<taxon id="177_Avian_H1N1_Canada_1977">
			<date value="1977.0" direction="forwards" units="years"/>
		</taxon>
		<taxon id="105_Avian_H1N1_Canada_1976">
			<date value="1976.0" direction="forwards" units="years"/>
		</taxon>
		<taxon id="267_Avian_H1N1_Canada_1976">
			<date value="1976.0" direction="forwards" units="years"/>
		</taxon>
		<taxon id="195_Avian_H1N6_Canada_1977">
			<date value="1977.0" direction="forwards" units="years"/>
		</taxon>
		<taxon id="162_Avian_H1N1_Canada_1977">
			<date value="1977.0" direction="forwards" units="years"/>
		</taxon>
		<taxon id="213_Avian_H1N5_USA_1978">
			<date value="1978.0" direction="forwards" units="years"/>
		</taxon>
		<taxon id="164_Avian_H1N1_Canada_1979">
			<date value="1979.0" direction="forwards" units="years"/>
		</taxon>
		<taxon id="163_Avian_H1N1_Canada_1979">
			<date value="1979.0" direction="forwards" units="years"/>
		</taxon>
		<taxon id="158_Avian_H1N1_USA_1981">
			<date value="1981.0" direction="forwards" units="years"/>
		</taxon>
		<taxon id="309_Avian_H1N1_USA_1980">
			<date value="1980.0" direction="forwards" units="years"/>
		</taxon>
		<taxon id="153_Avian_H1N5_Canada_1981">
			<date value="1981.0" direction="forwards" units="years"/>
		</taxon>
		<taxon id="156_Avian_H1N1_Canada_2002">
			<date value="2002.0" direction="forwards" units="years"/>
		</taxon>
		<taxon id="196_Avian_H1N1_Canada_1998">
			<date value="1998.0" direction="forwards" units="years"/>
		</taxon>
		<taxon id="180_Avian_H1N9_USA_1987">
			<date value="1987.0" direction="forwards" units="years"/>
		</taxon>
		<taxon id="274_Avian_H1N1_USA_1987">
			<date value="1987.0" direction="forwards" units="years"/>
		</taxon>
		<taxon id="279_Avian_H1N1_USA_1980">
			<date value="1980.0" direction="forwards" units="years"/>
		</taxon>
		<taxon id="116_Avian_H1N1_USA_1985">
			<date value="1985.0" direction="forwards" units="years"/>
		</taxon>
		<taxon id="106_Avian_H1N1_USA_1981">
			<date value="1981.0" direction="forwards" units="years"/>
		</taxon>
		<taxon id="199_Avian_H1N2_USA_1982">
			<date value="1982.0" direction="forwards" units="years"/>
		</taxon>
		<taxon id="155_Avian_H1N1_Canada_1988">
			<date value="1988.0" direction="forwards" units="years"/>
		</taxon>
		<taxon id="169_Avian_H1N1_USA_1987">
			<date value="1987.0" direction="forwards" units="years"/>
		</taxon>
		<taxon id="264_Avian_H1N1_USA_1986">
			<date value="1986.0" direction="forwards" units="years"/>
		</taxon>
		<taxon id="197_Avian_H1N1_USA_1990">
			<date value="1990.0" direction="forwards" units="years"/>
		</taxon>
		<taxon id="289_Avian_H1N1_USA_1993">
			<date value="1993.0" direction="forwards" units="years"/>
		</taxon>
		<taxon id="255_Avian_H1N1_USA_1994">
			<date value="1994.0" direction="forwards" units="years"/>
		</taxon>
		<taxon id="181_Avian_H1N1_USA_1993">
			<date value="1993.0" direction="forwards" units="years"/>
		</taxon>
		<taxon id="200_Avian_H1N1_USA_1993">
			<date value="1993.0" direction="forwards" units="years"/>
		</taxon>
		<taxon id="154_Avian_H1N1_Canada_1996">
			<date value="1996.0" direction="forwards" units="years"/>
		</taxon>
		<taxon id="198_Avian_H1N1_USA_1999">
			<date value="1999.0" direction="forwards" units="years"/>
		</taxon>
		<taxon id="223_Avian_H1N1_USA_2002">
			<date value="2002.0" direction="forwards" units="years"/>
		</taxon>
		<taxon id="224_Avian_H1N1_USA_2007">
			<date value="2007.0" direction="forwards" units="years"/>
		</taxon>
		<taxon id="233_Avian_H1N1_USA_2005">
			<date value="2005.0" direction="forwards" units="years"/>
		</taxon>
		<taxon id="182_Avian_H1N6_USA_2002">
			<date value="2002.0" direction="forwards" units="years"/>
		</taxon>
		<taxon id="302_Avian_H1N1_USA_2003">
			<date value="2003.0" direction="forwards" units="years"/>
		</taxon>
		<taxon id="303_Avian_H1N1_USA_2003">
			<date value="2003.0" direction="forwards" units="years"/>
		</taxon>
		<taxon id="157_Avian_H1N3_NewZealand_1976">
			<date value="1976.0" direction="forwards" units="years"/>
		</taxon>
		<taxon id="125_Avian_H1N1_Japan_1977">
			<date value="1977.0" direction="forwards" units="years"/>
		</taxon>
		<taxon id="285_Avian_H1N1_HongKong_1979">
			<date value="1979.0" direction="forwards" units="years"/>
		</taxon>
		<taxon id="132_Avian_H1N1_Australia_1980">
			<date value="1980.0" direction="forwards" units="years"/>
		</taxon>
		<taxon id="102_Avian_H1N1_Japan_1996">
			<date value="1996.0" direction="forwards" units="years"/>
		</taxon>
		<taxon id="126_Avian_H1N9_Japan_1998">
			<date value="1998.0" direction="forwards" units="years"/>
		</taxon>
		<taxon id="307_Avian_H1N1_Italy_2003">
			<date value="2003.0" direction="forwards" units="years"/>
		</taxon>
		<taxon id="276_Avian_H1N1_Italy_2007">
			<date value="2007.0" direction="forwards" units="years"/>
		</taxon>
		<taxon id="277_Avian_H1N1_Italy_2006">
			<date value="2006.0" direction="forwards" units="years"/>
		</taxon>
		<taxon id="133_Avian_H1N1_Germany_1977">
			<date value="1977.0" direction="forwards" units="years"/>
		</taxon>
		<taxon id="248_Avian_H1_HongKong_1977">
			<date value="1977.0" direction="forwards" units="years"/>
		</taxon>
		<taxon id="134_Swine_H1N1_Netherlands_1980">
			<date value="1980.0" direction="forwards" units="years"/>
		</taxon>
		<taxon id="234_Swine_H1N1_Belgium_1979">
			<date value="1979.0" direction="forwards" units="years"/>
		</taxon>
		<taxon id="237_Swine_H1N1_France_1984">
			<date value="1984.0" direction="forwards" units="years"/>
		</taxon>
		<taxon id="107_Swine_H1N1_Netherlands_1985">
			<date value="1985.0" direction="forwards" units="years"/>
		</taxon>
		<taxon id="117_Swine_H1N1_Belgium_1983">
			<date value="1983.0" direction="forwards" units="years"/>
		</taxon>
		<taxon id="135_Swine_H1N1_Italy_1987">
			<date value="1987.0" direction="forwards" units="years"/>
		</taxon>
		<taxon id="149_Swine_H1N1_Germany_1995">
			<date value="1995.0" direction="forwards" units="years"/>
		</taxon>
		<taxon id="235_Swine_H1N1_France_1995">
			<date value="1995.0" direction="forwards" units="years"/>
		</taxon>
		<taxon id="288_Swine_H1N1_Germany_1992">
			<date value="1992.0" direction="forwards" units="years"/>
		</taxon>
		<taxon id="227_Swine_H1N1_Spain_1991">
			<date value="1991.0" direction="forwards" units="years"/>
		</taxon>
		<taxon id="226_Swine_H1N1_France_1985">
			<date value="1985.0" direction="forwards" units="years"/>
		</taxon>
		<taxon id="238_Swine_H1N1_UnitedKingdom_1992">
			<date value="1992.0" direction="forwards" units="years"/>
		</taxon>
		<taxon id="210_Swine_H1N1_UnitedKingdom_1995">
			<date value="1995.0" direction="forwards" units="years"/>
		</taxon>
		<taxon id="236_Swine_H1N1_UnitedKingdom_1996">
			<date value="1996.0" direction="forwards" units="years"/>
		</taxon>
		<taxon id="225_Swine_H1N1_UnitedKingdom_1993">
			<date value="1993.0" direction="forwards" units="years"/>
		</taxon>
		<taxon id="212_Swine_H1N1_UnitedKingdom_1999">
			<date value="1999.0" direction="forwards" units="years"/>
		</taxon>
		<taxon id="246_Swine_H1N1_UnitedKingdom_1994">
			<date value="1994.0" direction="forwards" units="years"/>
		</taxon>
		<taxon id="211_Swine_H1N1_UnitedKingdom_1998">
			<date value="1998.0" direction="forwards" units="years"/>
		</taxon>
		<taxon id="247_Swine_H1N1_UnitedKingdom_1997">
			<date value="1997.0" direction="forwards" units="years"/>
		</taxon>
		<taxon id="141_Swine_H1N1_Italy_1997">
			<date value="1997.0" direction="forwards" units="years"/>
		</taxon>
		<taxon id="123_Swine_H1N1_Italy_1996">
			<date value="1996.0" direction="forwards" units="years"/>
		</taxon>
		<taxon id="140_Swine_H1N1_Italy_1998">
			<date value="1998.0" direction="forwards" units="years"/>
		</taxon>
		<taxon id="191_Swine_H1N1_Italy_1997">
			<date value="1997.0" direction="forwards" units="years"/>
		</taxon>
		<taxon id="310_Swine_H1N1_Germany_1993">
			<date value="1993.0" direction="forwards" units="years"/>
		</taxon>
		<taxon id="228_Swine_H1N1_Denmark_1993">
			<date value="1993.0" direction="forwards" units="years"/>
		</taxon>
		<taxon id="305_Swine_H1N1_Belgium_1998">
			<date value="1998.0" direction="forwards" units="years"/>
		</taxon>
		<taxon id="168_Swine_H1N1_Spain_2003">
			<date value="2003.0" direction="forwards" units="years"/>
		</taxon>
		<taxon id="159_Swine_H1N1_Spain_2004">
			<date value="2004.0" direction="forwards" units="years"/>
		</taxon>
		<taxon id="278_Swine_H1N1_Hungary_2006">
			<date value="2006.0" direction="forwards" units="years"/>
		</taxon>
		<taxon id="124_Swine_H1N1_France_1999">
			<date value="1999.0" direction="forwards" units="years"/>
		</taxon>
		<taxon id="304_Swine_H1N1_China_2007">
			<date value="2007.0" direction="forwards" units="years"/>
		</taxon>
		<taxon id="287_Swine_H1N1_Germany_2003">
			<date value="2003.0" direction="forwards" units="years"/>
		</taxon>
		<taxon id="167_Swine_H1N1_Spain_2003">
			<date value="2003.0" direction="forwards" units="years"/>
		</taxon>
		<taxon id="192_Swine_H1N2_Germany_2000">
			<date value="2000.0" direction="forwards" units="years"/>
		</taxon>
		<taxon id="1_Human_H1N1_USA_1918">
			<date value="1918.0" direction="forwards" units="years"/>
		</taxon>
		<taxon id="3_Human_H1N1_UnitedKingdom_1933">
			<date value="1933.0" direction="forwards" units="years"/>
		</taxon>
		<taxon id="2_Human_H1N1_UnitedKingdom_1933">
			<date value="1933.0" direction="forwards" units="years"/>
		</taxon>
		<taxon id="23_Human_H1_Japan_1967">
			<date value="1967.0" direction="forwards" units="years"/>
		</taxon>
		<taxon id="7_Human_H1N1_Australia_1935">
			<date value="1935.0" direction="forwards" units="years"/>
		</taxon>
		<taxon id="6_Human_H1N1_USA_1935">
			<date value="1935.0" direction="forwards" units="years"/>
		</taxon>
		<taxon id="8_Human_H1N1_1936">
			<date value="1936.0" direction="forwards" units="years"/>
		</taxon>
		<taxon id="4_Human_H1N1_PuertoRico_1934">
			<date value="1934.0" direction="forwards" units="years"/>
		</taxon>
		<taxon id="5_Human_H1N1_PuertoRico_1934">
			<date value="1934.0" direction="forwards" units="years"/>
		</taxon>
		<taxon id="10_Human_H1N1_USA_1942">
			<date value="1942.0" direction="forwards" units="years"/>
		</taxon>
		<taxon id="11_Human_H1N1_USA_1943">
			<date value="1943.0" direction="forwards" units="years"/>
		</taxon>
		<taxon id="12_Human_H1N1_USA_1943">
			<date value="1943.0" direction="forwards" units="years"/>
		</taxon>
		<taxon id="13_Human_H1N1_USA_1945">
			<date value="1945.0" direction="forwards" units="years"/>
		</taxon>
		<taxon id="9_Human_H1N1_USA_1940">
			<date value="1940.0" direction="forwards" units="years"/>
		</taxon>
		<taxon id="14_Human_H1N1_1946">
			<date value="1946.0" direction="forwards" units="years"/>
		</taxon>
		<taxon id="15_Human_H1N1_USA_1947">
			<date value="1947.0" direction="forwards" units="years"/>
		</taxon>
		<taxon id="16_Human_H1N1_USA_1947">
			<date value="1947.0" direction="forwards" units="years"/>
		</taxon>
		<taxon id="18_Human_H1N1_USA_1950">
			<date value="1950.0" direction="forwards" units="years"/>
		</taxon>
		<taxon id="22_Human_H1N1_USA_1957">
			<date value="1957.0" direction="forwards" units="years"/>
		</taxon>
		<taxon id="19_Human_H1N1_USA_1951">
			<date value="1951.0" direction="forwards" units="years"/>
		</taxon>
		<taxon id="20_Human_H1N1_Malaysia_1954">
			<date value="1954.0" direction="forwards" units="years"/>
		</taxon>
		<taxon id="17_Human_H1N1_USA_1948">
			<date value="1948.0" direction="forwards" units="years"/>
		</taxon>
		<taxon id="21_Human_H1N1_Russia_1954">
			<date value="1954.0" direction="forwards" units="years"/>
		</taxon>
		<taxon id="26_Human_H1N1_HongKong_1977_1954">
			<date value="1954.0" direction="forwards" units="years"/>
		</taxon>
		<taxon id="27_Human_H1N1_USA_1978_1955">
			<date value="1955.0" direction="forwards" units="years"/>
		</taxon>
		<taxon id="31_Human_H1N1_USA_1983_1960">
			<date value="1960.0" direction="forwards" units="years"/>
		</taxon>
		<taxon id="29_Human_H1N1_UnitedKingdom_1982_1959">
			<date value="1959.0" direction="forwards" units="years"/>
		</taxon>
		<taxon id="30_Human_H1N1_Fiji_1983_1960">
			<date value="1960.0" direction="forwards" units="years"/>
		</taxon>
		<taxon id="28_Human_H1N1_India_1980_1957">
			<date value="1957.0" direction="forwards" units="years"/>
		</taxon>
		<taxon id="33_Human_H1N1_USA_1986_1963">
			<date value="1963.0" direction="forwards" units="years"/>
		</taxon>
		<taxon id="36_Human_H1N1_Italy_1989_1966">
			<date value="1966.0" direction="forwards" units="years"/>
		</taxon>
		<taxon id="39_Human_H1N1_Mongolia_1991_1968">
			<date value="1968.0" direction="forwards" units="years"/>
		</taxon>
		<taxon id="35_Human_H1N1_Japan_1989_1966">
			<date value="1966.0" direction="forwards" units="years"/>
		</taxon>
		<taxon id="37_Human_H1N1_Italy_1989_1966">
			<date value="1966.0" direction="forwards" units="years"/>
		</taxon>
		<taxon id="38_Human_H1N1_USA_1991_1968">
			<date value="1968.0" direction="forwards" units="years"/>
		</taxon>
		<taxon id="44_Human_H1N1_USA_1995_1972">
			<date value="1972.0" direction="forwards" units="years"/>
		</taxon>
		<taxon id="43_Human_H1N1_Switzerland_1995_1972">
			<date value="1972.0" direction="forwards" units="years"/>
		</taxon>
		<taxon id="55_Human_H1N1_Australia_2000_1977">
			<date value="1977.0" direction="forwards" units="years"/>
		</taxon>
		<taxon id="41_Human_H1N1_USA_1995_1972">
			<date value="1972.0" direction="forwards" units="years"/>
		</taxon>
		<taxon id="48_Human_H1N1_Taiwan_1996_1973">
			<date value="1973.0" direction="forwards" units="years"/>
		</taxon>
		<taxon id="42_Human_H1N1_China_1995_1972">
			<date value="1972.0" direction="forwards" units="years"/>
		</taxon>
		<taxon id="45_Human_H1N1_USA_1995_1972">
			<date value="1972.0" direction="forwards" units="years"/>
		</taxon>
		<taxon id="47_Human_H1N1_USA_1996_1973">
			<date value="1973.0" direction="forwards" units="years"/>
		</taxon>
		<taxon id="40_Human_H1N1_China_1995_1972">
			<date value="1972.0" direction="forwards" units="years"/>
		</taxon>
		<taxon id="46_Human_H1N1_China_1996_1973">
			<date value="1973.0" direction="forwards" units="years"/>
		</taxon>
		<taxon id="52_Human_H1N1_HongKong_1998_1975">
			<date value="1975.0" direction="forwards" units="years"/>
		</taxon>
		<taxon id="49_Human_H1N1_Taiwan_1997_1974">
			<date value="1974.0" direction="forwards" units="years"/>
		</taxon>
		<taxon id="51_Human_H1N1_HongKong_1998_1975">
			<date value="1975.0" direction="forwards" units="years"/>
		</taxon>
		<taxon id="50_Human_H1N1_HongKong_1998_1975">
			<date value="1975.0" direction="forwards" units="years"/>
		</taxon>
		<taxon id="60_Human_H1N1_Taiwan_2002_1979">
			<date value="1979.0" direction="forwards" units="years"/>
		</taxon>
		<taxon id="54_Human_H1N1_NewCaledonia_1999_1976">
			<date value="1976.0" direction="forwards" units="years"/>
		</taxon>
		<taxon id="53_Human_H1N1_Taiwan_1999_1976">
			<date value="1976.0" direction="forwards" units="years"/>
		</taxon>
		<taxon id="56_Human_H1N1_USA_2000_1977">
			<date value="1977.0" direction="forwards" units="years"/>
		</taxon>
		<taxon id="57_Human_H1N1_NewZealand_2000_1977">
			<date value="1977.0" direction="forwards" units="years"/>
		</taxon>
		<taxon id="58_Human_H1N1_NewZealand_2000_1977">
			<date value="1977.0" direction="forwards" units="years"/>
		</taxon>
		<taxon id="61_Human_H1N2_USA_2002_1979">
			<date value="1979.0" direction="forwards" units="years"/>
		</taxon>
		<taxon id="62_Human_H1N2_Denmark_2003_1980">
			<date value="1980.0" direction="forwards" units="years"/>
		</taxon>
		<taxon id="64_Human_H1N2_USA_2003_1980">
			<date value="1980.0" direction="forwards" units="years"/>
		</taxon>
		<taxon id="59_Human_H1N1_Japan_2001_1978">
			<date value="1978.0" direction="forwards" units="years"/>
		</taxon>
		<taxon id="63_Human_H1N1_USA_2003_1980">
			<date value="1980.0" direction="forwards" units="years"/>
		</taxon>
		<taxon id="65_Human_H1N1_Denmark_2004_1981">
			<date value="1981.0" direction="forwards" units="years"/>
		</taxon>
		<taxon id="68_Human_H1N1_Australia_2005_1982">
			<date value="1982.0" direction="forwards" units="years"/>
		</taxon>
		<taxon id="79_Human_H1N1_USA_2007_1984">
			<date value="1984.0" direction="forwards" units="years"/>
		</taxon>
		<taxon id="76_Human_H1N1_USA_2006_1983">
			<date value="1983.0" direction="forwards" units="years"/>
		</taxon>
		<taxon id="82_Human_H1N1_USA_2007_1984">
			<date value="1984.0" direction="forwards" units="years"/>
		</taxon>
		<taxon id="72_Human_H1N1_Thailand_2006_1983">
			<date value="1983.0" direction="forwards" units="years"/>
		</taxon>
		<taxon id="77_Human_H1N1_SolomonIslands_2006_1983">
			<date value="1983.0" direction="forwards" units="years"/>
		</taxon>
		<taxon id="74_Human_H1N1_China_2006_1983">
			<date value="1983.0" direction="forwards" units="years"/>
		</taxon>
		<taxon id="75_Human_H1N1_China_2006_1983">
			<date value="1983.0" direction="forwards" units="years"/>
		</taxon>
		<taxon id="81_Human_H1N1_USA_2007_1984">
			<date value="1984.0" direction="forwards" units="years"/>
		</taxon>
		<taxon id="71_Human_H1N1_China_2006_1983">
			<date value="1983.0" direction="forwards" units="years"/>
		</taxon>
		<taxon id="73_Human_H1N1_China_2006_1983">
			<date value="1983.0" direction="forwards" units="years"/>
		</taxon>
		<taxon id="98_Human_H1N1_USA_2008_1985">
			<date value="1985.0" direction="forwards" units="years"/>
		</taxon>
		<taxon id="83_Human_H1N1_USA_2007_1984">
			<date value="1984.0" direction="forwards" units="years"/>
		</taxon>
		<taxon id="84_Human_H1N1_USA_2007_1984">
			<date value="1984.0" direction="forwards" units="years"/>
		</taxon>
		<taxon id="67_Human_H1N1_NewZealand_2004_1981">
			<date value="1981.0" direction="forwards" units="years"/>
		</taxon>
		<taxon id="97_Human_H1N1_Australia_2008_1985">
			<date value="1985.0" direction="forwards" units="years"/>
		</taxon>
		<taxon id="78_Human_H1N1_USA_2006_1983">
			<date value="1983.0" direction="forwards" units="years"/>
		</taxon>
		<taxon id="80_Human_H1N1_USA_2007_1984">
			<date value="1984.0" direction="forwards" units="years"/>
		</taxon>
		<taxon id="86_Human_H1N1_USA_2007_1984">
			<date value="1984.0" direction="forwards" units="years"/>
		</taxon>
		<taxon id="92_Human_H1N1_USA_2008_1985">
			<date value="1985.0" direction="forwards" units="years"/>
		</taxon>
		<taxon id="87_Human_H1N1_USA_2007_1984">
			<date value="1984.0" direction="forwards" units="years"/>
		</taxon>
		<taxon id="88_Human_H1N1_USA_2007_1984">
			<date value="1984.0" direction="forwards" units="years"/>
		</taxon>
		<taxon id="85_Human_H1N1_USA_2007_1984">
			<date value="1984.0" direction="forwards" units="years"/>
		</taxon>
		<taxon id="95_Human_H1N1_USA_2008_1985">
			<date value="1985.0" direction="forwards" units="years"/>
		</taxon>
		<taxon id="89_Human_H1N1_USA_2007_1984">
			<date value="1984.0" direction="forwards" units="years"/>
		</taxon>
		<taxon id="93_Human_H1N1_USA_2008_1985">
			<date value="1985.0" direction="forwards" units="years"/>
		</taxon>
		<taxon id="94_Human_H1N1_USA_2008_1985">
			<date value="1985.0" direction="forwards" units="years"/>
		</taxon>
		<taxon id="96_Human_H1N1_USA_2008_1985">
			<date value="1985.0" direction="forwards" units="years"/>
		</taxon>
		<taxon id="90_Human_H1N1_USA_2008_1985">
			<date value="1985.0" direction="forwards" units="years"/>
		</taxon>
		<taxon id="100_Human_H1N1_USA_2008_1985">
			<date value="1985.0" direction="forwards" units="years"/>
		</taxon>
		<taxon id="91_Human_H1N1_USA_2008_1985">
			<date value="1985.0" direction="forwards" units="years"/>
		</taxon>
		<taxon id="99_Human_H1N1_USA_2008_1985">
			<date value="1985.0" direction="forwards" units="years"/>
		</taxon>
		<taxon id="115_Swine_H1N1_USA_1930">
			<date value="1930.0" direction="forwards" units="years"/>
		</taxon>
		<taxon id="166_Swine_H1N1_1931">
			<date value="1931.0" direction="forwards" units="years"/>
		</taxon>
		<taxon id="292_Swine_H1N1_USA_1945">
			<date value="1945.0" direction="forwards" units="years"/>
		</taxon>
		<taxon id="243_Swine_H1N1_USA_1942">
			<date value="1942.0" direction="forwards" units="years"/>
		</taxon>
		<taxon id="244_Swine_H1N1_USA_1935">
			<date value="1935.0" direction="forwards" units="years"/>
		</taxon>
		<taxon id="232_Swine_H1N1_USA_1957">
			<date value="1957.0" direction="forwards" units="years"/>
		</taxon>
		<taxon id="104_Swine_H1N1_USA_1961">
			<date value="1961.0" direction="forwards" units="years"/>
		</taxon>
		<taxon id="293_Swine_H1N1_USA_1968">
			<date value="1968.0" direction="forwards" units="years"/>
		</taxon>
		<taxon id="219_Swine_H1N1_USA_1966">
			<date value="1966.0" direction="forwards" units="years"/>
		</taxon>
		<taxon id="207_Swine_H1N1_USA_1967">
			<date value="1967.0" direction="forwards" units="years"/>
		</taxon>
		<taxon id="190_Swine_H1N1_USA_1970">
			<date value="1970.0" direction="forwards" units="years"/>
		</taxon>
		<taxon id="188_Swine_H1N1_USA_1971">
			<date value="1971.0" direction="forwards" units="years"/>
		</taxon>
		<taxon id="257_Swine_H1N1_USA_1973">
			<date value="1973.0" direction="forwards" units="years"/>
		</taxon>
		<taxon id="202_Swine_H1N1_USA_1975">
			<date value="1975.0" direction="forwards" units="years"/>
		</taxon>
		<taxon id="308_Swine_H1N1_USA_1976">
			<date value="1976.0" direction="forwards" units="years"/>
		</taxon>
		<taxon id="171_Swine_H1N1_USA_1977">
			<date value="1977.0" direction="forwards" units="years"/>
		</taxon>
		<taxon id="240_Swine_H1N1_USA_1977">
			<date value="1977.0" direction="forwards" units="years"/>
		</taxon>
		<taxon id="217_Swine_H1N1_USA_1977">
			<date value="1977.0" direction="forwards" units="years"/>
		</taxon>
		<taxon id="242_Swine_H1N1_USA_1977">
			<date value="1977.0" direction="forwards" units="years"/>
		</taxon>
		<taxon id="214_Swine_H1N1_USA_1976">
			<date value="1976.0" direction="forwards" units="years"/>
		</taxon>
		<taxon id="170_Swine_H1N1_USA_1976">
			<date value="1976.0" direction="forwards" units="years"/>
		</taxon>
		<taxon id="178_Swine_H1N1_USA_1977">
			<date value="1977.0" direction="forwards" units="years"/>
		</taxon>
		<taxon id="205_Swine_H1N1_USA_1977">
			<date value="1977.0" direction="forwards" units="years"/>
		</taxon>
		<taxon id="184_Swine_H1N1_USA_1977">
			<date value="1977.0" direction="forwards" units="years"/>
		</taxon>
		<taxon id="187_Swine_H1N1_USA_1978">
			<date value="1978.0" direction="forwards" units="years"/>
		</taxon>
		<taxon id="144_Swine_H1N1_Japan_1977">
			<date value="1977.0" direction="forwards" units="years"/>
		</taxon>
		<taxon id="290_Swine_H1N1_UnitedKingdom_1993">
			<date value="1993.0" direction="forwards" units="years"/>
		</taxon>
		<taxon id="312_Swine_H1N1_UnitedKingdom_1986">
			<date value="1986.0" direction="forwards" units="years"/>
		</taxon>
		<taxon id="103_Swine_H1N1_Japan_1979">
			<date value="1979.0" direction="forwards" units="years"/>
		</taxon>
		<taxon id="113_Swine_H1N2_Japan_1996">
			<date value="1996.0" direction="forwards" units="years"/>
		</taxon>
		<taxon id="110_Swine_H1N2_Japan_2003">
			<date value="2003.0" direction="forwards" units="years"/>
		</taxon>
		<taxon id="128_Swine_H1N2_Japan_2006">
			<date value="2006.0" direction="forwards" units="years"/>
		</taxon>
		<taxon id="183_Swine_H1N1_USA_1976">
			<date value="1976.0" direction="forwards" units="years"/>
		</taxon>
		<taxon id="209_Swine_H1N1_USA_1978">
			<date value="1978.0" direction="forwards" units="years"/>
		</taxon>
		<taxon id="231_Swine_H1N1_USA_1977">
			<date value="1977.0" direction="forwards" units="years"/>
		</taxon>
		<taxon id="127_Swine_H1N2_Japan_1980">
			<date value="1980.0" direction="forwards" units="years"/>
		</taxon>
		<taxon id="145_Swine_H1N1_Japan_1981">
			<date value="1981.0" direction="forwards" units="years"/>
		</taxon>
		<taxon id="215_Swine_H1N1_USA_1976">
			<date value="1976.0" direction="forwards" units="years"/>
		</taxon>
		<taxon id="218_Swine_H1N1_USA_1977">
			<date value="1977.0" direction="forwards" units="years"/>
		</taxon>
		<taxon id="221_Swine_H1N1_USA_1978">
			<date value="1978.0" direction="forwards" units="years"/>
		</taxon>
		<taxon id="208_Swine_H1N1_USA_1978">
			<date value="1978.0" direction="forwards" units="years"/>
		</taxon>
		<taxon id="220_Swine_H1N1_USA_1978">
			<date value="1978.0" direction="forwards" units="years"/>
		</taxon>
		<taxon id="112_Swine_H1N2_Thailand_2005">
			<date value="2005.0" direction="forwards" units="years"/>
		</taxon>
		<taxon id="261_Swine_H1N1_Thailand_2005">
			<date value="2005.0" direction="forwards" units="years"/>
		</taxon>
		<taxon id="143_Swine_H1N1_Thailand_2004">
			<date value="2004.0" direction="forwards" units="years"/>
		</taxon>
		<taxon id="262_Swine_H1N1_Thailand_2005">
			<date value="2005.0" direction="forwards" units="years"/>
		</taxon>
		<taxon id="206_Swine_H1N1_USA_1980">
			<date value="1980.0" direction="forwards" units="years"/>
		</taxon>
		<taxon id="186_Swine_H1N1_USA_1979">
			<date value="1979.0" direction="forwards" units="years"/>
		</taxon>
		<taxon id="189_Swine_H1N1_USA_1980">
			<date value="1980.0" direction="forwards" units="years"/>
		</taxon>
		<taxon id="203_Swine_H1N1_Canada_1981">
			<date value="1981.0" direction="forwards" units="years"/>
		</taxon>
		<taxon id="216_Swine_H1N1_Canada_1981">
			<date value="1981.0" direction="forwards" units="years"/>
		</taxon>
		<taxon id="222_Swine_H1N1_USA_1987">
			<date value="1987.0" direction="forwards" units="years"/>
		</taxon>
		<taxon id="299_Swine_H1N1_USA_1992">
			<date value="1992.0" direction="forwards" units="years"/>
		</taxon>
		<taxon id="268_Swine_H1N1_Canada_2004">
			<date value="2004.0" direction="forwards" units="years"/>
		</taxon>
		<taxon id="281_Swine_H1N1_Canada_2003">
			<date value="2003.0" direction="forwards" units="years"/>
		</taxon>
		<taxon id="253_Swine_H1N1_Canada_2004">
			<date value="2004.0" direction="forwards" units="years"/>
		</taxon>
		<taxon id="301_Swine_H1_Canada_1991">
			<date value="1991.0" direction="forwards" units="years"/>
		</taxon>
		<taxon id="194_Swine_H1N2_Taiwan_2003">
			<date value="2003.0" direction="forwards" units="years"/>
		</taxon>
		<taxon id="282_Swine_H1N2_Taiwan_2004">
			<date value="2004.0" direction="forwards" units="years"/>
		</taxon>
		<taxon id="249_Swine_H1N1_Canada_2003">
			<date value="2003.0" direction="forwards" units="years"/>
		</taxon>
		<taxon id="251_Swine_H1N1_Canada_2003">
			<date value="2003.0" direction="forwards" units="years"/>
		</taxon>
		<taxon id="245_Swine_H1N1_USA_1986">
			<date value="1986.0" direction="forwards" units="years"/>
		</taxon>
		<taxon id="185_Swine_H1N1_USA_1985">
			<date value="1985.0" direction="forwards" units="years"/>
		</taxon>
		<taxon id="230_Swine_H1N1_USA_1987">
			<date value="1987.0" direction="forwards" units="years"/>
		</taxon>
		<taxon id="142_Swine_H1N1_Thailand_2000">
			<date value="2000.0" direction="forwards" units="years"/>
		</taxon>
		<taxon id="118_Swine_H1N1_USA_1997">
			<date value="1997.0" direction="forwards" units="years"/>
		</taxon>
		<taxon id="175_Swine_H1N2_USA_2001">
			<date value="2001.0" direction="forwards" units="years"/>
		</taxon>
		<taxon id="300_Swine_H1N1_USA_1988">
			<date value="1988.0" direction="forwards" units="years"/>
		</taxon>
		<taxon id="111_Swine_H1N1_Thailand_2003">
			<date value="2003.0" direction="forwards" units="years"/>
		</taxon>
		<taxon id="241_Swine_H1N1_USA_1988">
			<date value="1988.0" direction="forwards" units="years"/>
		</taxon>
		<taxon id="201_Swine_H1N1_USA_1988">
			<date value="1988.0" direction="forwards" units="years"/>
		</taxon>
		<taxon id="239_Swine_H1N1_China_2001">
			<date value="2001.0" direction="forwards" units="years"/>
		</taxon>
		<taxon id="294_Swine_H1N1_China_2005">
			<date value="2005.0" direction="forwards" units="years"/>
		</taxon>
		<taxon id="204_Swine_H1N1_USA_1991">
			<date value="1991.0" direction="forwards" units="years"/>
		</taxon>
		<taxon id="136_Swine_H1N1_USA_1997">
			<date value="1997.0" direction="forwards" units="years"/>
		</taxon>
		<taxon id="108_Swine_H1N1_USA_1997">
			<date value="1997.0" direction="forwards" units="years"/>
		</taxon>
		<taxon id="109_Swine_H1N1_USA_1998">
			<date value="1998.0" direction="forwards" units="years"/>
		</taxon>
		<taxon id="146_Swine_H1N1_USA_1998">
			<date value="1998.0" direction="forwards" units="years"/>
		</taxon>
		<taxon id="280_Swine_H1N2_China_2004">
			<date value="2004.0" direction="forwards" units="years"/>
		</taxon>
		<taxon id="284_Swine_H1N2_China_2005">
			<date value="2005.0" direction="forwards" units="years"/>
		</taxon>
		<taxon id="306_Swine_H1N2_China_2007">
			<date value="2007.0" direction="forwards" units="years"/>
		</taxon>
		<taxon id="271_Swine_H1N1_USA_1999">
			<date value="1999.0" direction="forwards" units="years"/>
		</taxon>
		<taxon id="148_Swine_H1N2_USA_2000">
			<date value="2000.0" direction="forwards" units="years"/>
		</taxon>
		<taxon id="138_Swine_H1N2_USA_2001">
			<date value="2001.0" direction="forwards" units="years"/>
		</taxon>
		<taxon id="272_Swine_H1N1_USA_2002">
			<date value="2002.0" direction="forwards" units="years"/>
		</taxon>
		<taxon id="172_Swine_H1N2_USA_2001">
			<date value="2001.0" direction="forwards" units="years"/>
		</taxon>
		<taxon id="120_Swine_H1N2_USA_2001">
			<date value="2001.0" direction="forwards" units="years"/>
		</taxon>
		<taxon id="193_Swine_H1N2_SouthKorea_2002">
			<date value="2002.0" direction="forwards" units="years"/>
		</taxon>
		<taxon id="160_Swine_H1N2_USA_2001">
			<date value="2001.0" direction="forwards" units="years"/>
		</taxon>
		<taxon id="260_Swine_H1N1_USA_2004">
			<date value="2004.0" direction="forwards" units="years"/>
		</taxon>
		<taxon id="296_Swine_H1N1_SouthKorea_2004">
			<date value="2004.0" direction="forwards" units="years"/>
		</taxon>
		<taxon id="297_Swine_H1N1_SouthKorea_2005">
			<date value="2005.0" direction="forwards" units="years"/>
		</taxon>
		<taxon id="174_Swine_H1N2_USA_2001">
			<date value="2001.0" direction="forwards" units="years"/>
		</taxon>
		<taxon id="147_Swine_H1N2_USA_2001">
			<date value="2001.0" direction="forwards" units="years"/>
		</taxon>
		<taxon id="258_Swine_H1N2_USA_2001">
			<date value="2001.0" direction="forwards" units="years"/>
		</taxon>
		<taxon id="139_Swine_H1N2_USA_2000">
			<date value="2000.0" direction="forwards" units="years"/>
		</taxon>
		<taxon id="101_Human_H1N1_USA_2009">
			<date value="2009.0" direction="forwards" units="years"/>
		</taxon>
		<taxon id="313_Human_H1N1_USA_2009">
			<date value="2009.0" direction="forwards" units="years"/>
		</taxon>
		<taxon id="269_Swine_H1N2_China_2006">
			<date value="2006.0" direction="forwards" units="years"/>
		</taxon>
		<taxon id="283_Swine_H1N2_China_2005">
			<date value="2005.0" direction="forwards" units="years"/>
		</taxon>
		<taxon id="119_Swine_H1N2_USA_1999">
			<date value="1999.0" direction="forwards" units="years"/>
		</taxon>
		<taxon id="173_Swine_H1N2_USA_2001">
			<date value="2001.0" direction="forwards" units="years"/>
		</taxon>
		<taxon id="121_Swine_H1N2_USA_2001">
			<date value="2001.0" direction="forwards" units="years"/>
		</taxon>
		<taxon id="122_Swine_H1N2_USA_2001">
			<date value="2001.0" direction="forwards" units="years"/>
		</taxon>
		<taxon id="137_Swine_H1N2_USA_2001">
			<date value="2001.0" direction="forwards" units="years"/>
		</taxon>
		<taxon id="263_Swine_H1N1_USA_2007">
			<date value="2007.0" direction="forwards" units="years"/>
		</taxon>
		<taxon id="273_Swine_H1N2_USA_2003">
			<date value="2003.0" direction="forwards" units="years"/>
		</taxon>
		<taxon id="151_Swine_H1N2_USA_2001">
			<date value="2001.0" direction="forwards" units="years"/>
		</taxon>
		<taxon id="259_Swine_H1N2_USA_2004">
			<date value="2004.0" direction="forwards" units="years"/>
		</taxon>
		<taxon id="291_Swine_H1N2_SouthKorea_2005">
			<date value="2005.0" direction="forwards" units="years"/>
		</taxon>
		<taxon id="266_Swine_H1N2_SouthKorea_2005">
			<date value="2005.0" direction="forwards" units="years"/>
		</taxon>
		<taxon id="298_Swine_H1N2_SouthKorea_2005">
			<date value="2005.0" direction="forwards" units="years"/>
		</taxon>
		<taxon id="265_Swine_H1N2_SouthKorea_2004">
			<date value="2004.0" direction="forwards" units="years"/>
		</taxon>
		<taxon id="275_Swine_H1N2_SouthKorea_2006">
			<date value="2006.0" direction="forwards" units="years"/>
		</taxon>
	</taxa>

	<!-- The sequence alignment (each sequence refers to a taxon above).         -->
	<!-- ntax=289 nchar=1710                                                     -->
	<alignment id="alignment" dataType="nucleotide">
		<sequence>
			<taxon idref="179_Avian_H1N6_USA_1976"/>
			?
		</sequence>
		<sequence>
			<taxon idref="165_Avian_H1N1_Canada_1977"/>
			?
		</sequence>
		<sequence>
			<taxon idref="177_Avian_H1N1_Canada_1977"/>
			?
		</sequence>
		<sequence>
			<taxon idref="105_Avian_H1N1_Canada_1976"/>
			?
		</sequence>
		<sequence>
			<taxon idref="267_Avian_H1N1_Canada_1976"/>
			?
		</sequence>
		<sequence>
			<taxon idref="195_Avian_H1N6_Canada_1977"/>
			?
		</sequence>
		<sequence>
			<taxon idref="162_Avian_H1N1_Canada_1977"/>
			?
		</sequence>
		<sequence>
			<taxon idref="213_Avian_H1N5_USA_1978"/>
			?
		</sequence>
		<sequence>
			<taxon idref="164_Avian_H1N1_Canada_1979"/>
			?
		</sequence>
		<sequence>
			<taxon idref="163_Avian_H1N1_Canada_1979"/>
			?
		</sequence>
		<sequence>
			<taxon idref="158_Avian_H1N1_USA_1981"/>
			?
		</sequence>
		<sequence>
			<taxon idref="309_Avian_H1N1_USA_1980"/>
			?
		</sequence>
		<sequence>
			<taxon idref="153_Avian_H1N5_Canada_1981"/>
			?
		</sequence>
		<sequence>
			<taxon idref="156_Avian_H1N1_Canada_2002"/>
			?
		</sequence>
		<sequence>
			<taxon idref="196_Avian_H1N1_Canada_1998"/>
			?
		</sequence>
		<sequence>
			<taxon idref="180_Avian_H1N9_USA_1987"/>
			?
		</sequence>
		<sequence>
			<taxon idref="274_Avian_H1N1_USA_1987"/>
			?
		</sequence>
		<sequence>
			<taxon idref="279_Avian_H1N1_USA_1980"/>
			?
		</sequence>
		<sequence>
			<taxon idref="116_Avian_H1N1_USA_1985"/>
			?
		</sequence>
		<sequence>
			<taxon idref="106_Avian_H1N1_USA_1981"/>
			?
		</sequence>
		<sequence>
			<taxon idref="199_Avian_H1N2_USA_1982"/>
			?
		</sequence>
		<sequence>
			<taxon idref="155_Avian_H1N1_Canada_1988"/>
			?
		</sequence>
		<sequence>
			<taxon idref="169_Avian_H1N1_USA_1987"/>
			?
		</sequence>
		<sequence>
			<taxon idref="264_Avian_H1N1_USA_1986"/>
			?
		</sequence>
		<sequence>
			<taxon idref="197_Avian_H1N1_USA_1990"/>
			?
		</sequence>
		<sequence>
			<taxon idref="289_Avian_H1N1_USA_1993"/>
			?
		</sequence>
		<sequence>
			<taxon idref="255_Avian_H1N1_USA_1994"/>
			?
		</sequence>
		<sequence>
			<taxon idref="181_Avian_H1N1_USA_1993"/>
			?
		</sequence>
		<sequence>
			<taxon idref="200_Avian_H1N1_USA_1993"/>
			?
		</sequence>
		<sequence>
			<taxon idref="154_Avian_H1N1_Canada_1996"/>
			?
		</sequence>
		<sequence>
			<taxon idref="198_Avian_H1N1_USA_1999"/>
			?
		</sequence>
		<sequence>
			<taxon idref="223_Avian_H1N1_USA_2002"/>
			?
		</sequence>
		<sequence>
			<taxon idref="224_Avian_H1N1_USA_2007"/>
			?
		</sequence>
		<sequence>
			<taxon idref="233_Avian_H1N1_USA_2005"/>
			?
		</sequence>
		<sequence>
			<taxon idref="182_Avian_H1N6_USA_2002"/>
			?
		</sequence>
		<sequence>
			<taxon idref="302_Avian_H1N1_USA_2003"/>
			?
		</sequence>
		<sequence>
			<taxon idref="303_Avian_H1N1_USA_2003"/>
			?
		</sequence>
		<sequence>
			<taxon idref="157_Avian_H1N3_NewZealand_1976"/>
			?
		</sequence>
		<sequence>
			<taxon idref="125_Avian_H1N1_Japan_1977"/>
			?
		</sequence>
		<sequence>
			<taxon idref="285_Avian_H1N1_HongKong_1979"/>
			?
		</sequence>
		<sequence>
			<taxon idref="132_Avian_H1N1_Australia_1980"/>
			?
		</sequence>
		<sequence>
			<taxon idref="102_Avian_H1N1_Japan_1996"/>
			?
		</sequence>
		<sequence>
			<taxon idref="126_Avian_H1N9_Japan_1998"/>
			?
		</sequence>
		<sequence>
			<taxon idref="307_Avian_H1N1_Italy_2003"/>
			?
		</sequence>
		<sequence>
			<taxon idref="276_Avian_H1N1_Italy_2007"/>
			?
		</sequence>
		<sequence>
			<taxon idref="277_Avian_H1N1_Italy_2006"/>
			?
		</sequence>
		<sequence>
			<taxon idref="133_Avian_H1N1_Germany_1977"/>
			?
		</sequence>
		<sequence>
			<taxon idref="248_Avian_H1_HongKong_1977"/>
			?
		</sequence>
		<sequence>
			<taxon idref="134_Swine_H1N1_Netherlands_1980"/>
			?
		</sequence>
		<sequence>
			<taxon idref="234_Swine_H1N1_Belgium_1979"/>
			?
		</sequence>
		<sequence>
			<taxon idref="237_Swine_H1N1_France_1984"/>
			?
		</sequence>
		<sequence>
			<taxon idref="107_Swine_H1N1_Netherlands_1985"/>
			?
		</sequence>
		<sequence>
			<taxon idref="117_Swine_H1N1_Belgium_1983"/>
			?
		</sequence>
		<sequence>
			<taxon idref="135_Swine_H1N1_Italy_1987"/>
			?
		</sequence>
		<sequence>
			<taxon idref="149_Swine_H1N1_Germany_1995"/>
			?
		</sequence>
		<sequence>
			<taxon idref="235_Swine_H1N1_France_1995"/>
			?
		</sequence>
		<sequence>
			<taxon idref="288_Swine_H1N1_Germany_1992"/>
			?
		</sequence>
		<sequence>
			<taxon idref="227_Swine_H1N1_Spain_1991"/>
			?
		</sequence>
		<sequence>
			<taxon idref="226_Swine_H1N1_France_1985"/>
			?
		</sequence>
		<sequence>
			<taxon idref="238_Swine_H1N1_UnitedKingdom_1992"/>
			?
		</sequence>
		<sequence>
			<taxon idref="210_Swine_H1N1_UnitedKingdom_1995"/>
			?
		</sequence>
		<sequence>
			<taxon idref="236_Swine_H1N1_UnitedKingdom_1996"/>
			?
		</sequence>
		<sequence>
			<taxon idref="225_Swine_H1N1_UnitedKingdom_1993"/>
			?
		</sequence>
		<sequence>
			<taxon idref="212_Swine_H1N1_UnitedKingdom_1999"/>
			?
		</sequence>
		<sequence>
			<taxon idref="246_Swine_H1N1_UnitedKingdom_1994"/>
			?
		</sequence>
		<sequence>
			<taxon idref="211_Swine_H1N1_UnitedKingdom_1998"/>
			?
		</sequence>
		<sequence>
			<taxon idref="247_Swine_H1N1_UnitedKingdom_1997"/>
			?
		</sequence>
		<sequence>
			<taxon idref="141_Swine_H1N1_Italy_1997"/>
			?
		</sequence>
		<sequence>
			<taxon idref="123_Swine_H1N1_Italy_1996"/>
			?
		</sequence>
		<sequence>
			<taxon idref="140_Swine_H1N1_Italy_1998"/>
			?
		</sequence>
		<sequence>
			<taxon idref="191_Swine_H1N1_Italy_1997"/>
			?
		</sequence>
		<sequence>
			<taxon idref="310_Swine_H1N1_Germany_1993"/>
			?
		</sequence>
		<sequence>
			<taxon idref="228_Swine_H1N1_Denmark_1993"/>
			?
		</sequence>
		<sequence>
			<taxon idref="305_Swine_H1N1_Belgium_1998"/>
			?
		</sequence>
		<sequence>
			<taxon idref="168_Swine_H1N1_Spain_2003"/>
			?
		</sequence>
		<sequence>
			<taxon idref="159_Swine_H1N1_Spain_2004"/>
			?
		</sequence>
		<sequence>
			<taxon idref="278_Swine_H1N1_Hungary_2006"/>
			?
		</sequence>
		<sequence>
			<taxon idref="124_Swine_H1N1_France_1999"/>
			?
		</sequence>
		<sequence>
			<taxon idref="304_Swine_H1N1_China_2007"/>
			?
		</sequence>
		<sequence>
			<taxon idref="287_Swine_H1N1_Germany_2003"/>
			?
		</sequence>
		<sequence>
			<taxon idref="167_Swine_H1N1_Spain_2003"/>
			?
		</sequence>
		<sequence>
			<taxon idref="192_Swine_H1N2_Germany_2000"/>
			?
		</sequence>
		<sequence>
			<taxon idref="1_Human_H1N1_USA_1918"/>
			?
		</sequence>
		<sequence>
			<taxon idref="3_Human_H1N1_UnitedKingdom_1933"/>
			?
		</sequence>
		<sequence>
			<taxon idref="2_Human_H1N1_UnitedKingdom_1933"/>
			?
		</sequence>
		<sequence>
			<taxon idref="23_Human_H1_Japan_1967"/>
			?
		</sequence>
		<sequence>
			<taxon idref="7_Human_H1N1_Australia_1935"/>
			?
		</sequence>
		<sequence>
			<taxon idref="6_Human_H1N1_USA_1935"/>
			?
		</sequence>
		<sequence>
			<taxon idref="8_Human_H1N1_1936"/>
			?
		</sequence>
		<sequence>
			<taxon idref="4_Human_H1N1_PuertoRico_1934"/>
			?
		</sequence>
		<sequence>
			<taxon idref="5_Human_H1N1_PuertoRico_1934"/>
			?
		</sequence>
		<sequence>
			<taxon idref="10_Human_H1N1_USA_1942"/>
			?
		</sequence>
		<sequence>
			<taxon idref="11_Human_H1N1_USA_1943"/>
			?
		</sequence>
		<sequence>
			<taxon idref="12_Human_H1N1_USA_1943"/>
			?
		</sequence>
		<sequence>
			<taxon idref="13_Human_H1N1_USA_1945"/>
			?
		</sequence>
		<sequence>
			<taxon idref="9_Human_H1N1_USA_1940"/>
			?
		</sequence>
		<sequence>
			<taxon idref="14_Human_H1N1_1946"/>
			?
		</sequence>
		<sequence>
			<taxon idref="15_Human_H1N1_USA_1947"/>
			?
		</sequence>
		<sequence>
			<taxon idref="16_Human_H1N1_USA_1947"/>
			?
		</sequence>
		<sequence>
			<taxon idref="18_Human_H1N1_USA_1950"/>
			?
		</sequence>
		<sequence>
			<taxon idref="22_Human_H1N1_USA_1957"/>
			?
		</sequence>
		<sequence>
			<taxon idref="19_Human_H1N1_USA_1951"/>
			?
		</sequence>
		<sequence>
			<taxon idref="20_Human_H1N1_Malaysia_1954"/>
			?
		</sequence>
		<sequence>
			<taxon idref="17_Human_H1N1_USA_1948"/>
			?
		</sequence>
		<sequence>
			<taxon idref="21_Human_H1N1_Russia_1954"/>
			?
		</sequence>
		<sequence>
			<taxon idref="26_Human_H1N1_HongKong_1977_1954"/>
			?
		</sequence>
		<sequence>
			<taxon idref="27_Human_H1N1_USA_1978_1955"/>
			?
		</sequence>
		<sequence>
			<taxon idref="31_Human_H1N1_USA_1983_1960"/>
			?
		</sequence>
		<sequence>
			<taxon idref="29_Human_H1N1_UnitedKingdom_1982_1959"/>
			?
		</sequence>
		<sequence>
			<taxon idref="30_Human_H1N1_Fiji_1983_1960"/>
			?
		</sequence>
		<sequence>
			<taxon idref="28_Human_H1N1_India_1980_1957"/>
			?
		</sequence>
		<sequence>
			<taxon idref="33_Human_H1N1_USA_1986_1963"/>
			?
		</sequence>
		<sequence>
			<taxon idref="36_Human_H1N1_Italy_1989_1966"/>
			?
		</sequence>
		<sequence>
			<taxon idref="39_Human_H1N1_Mongolia_1991_1968"/>
			?
		</sequence>
		<sequence>
			<taxon idref="35_Human_H1N1_Japan_1989_1966"/>
			?
		</sequence>
		<sequence>
			<taxon idref="37_Human_H1N1_Italy_1989_1966"/>
			?
		</sequence>
		<sequence>
			<taxon idref="38_Human_H1N1_USA_1991_1968"/>
			?
		</sequence>
		<sequence>
			<taxon idref="44_Human_H1N1_USA_1995_1972"/>
			?
		</sequence>
		<sequence>
			<taxon idref="43_Human_H1N1_Switzerland_1995_1972"/>
			?
		</sequence>
		<sequence>
			<taxon idref="55_Human_H1N1_Australia_2000_1977"/>
			?
		</sequence>
		<sequence>
			<taxon idref="41_Human_H1N1_USA_1995_1972"/>
			?
		</sequence>
		<sequence>
			<taxon idref="48_Human_H1N1_Taiwan_1996_1973"/>
			?
		</sequence>
		<sequence>
			<taxon idref="42_Human_H1N1_China_1995_1972"/>
			?
		</sequence>
		<sequence>
			<taxon idref="45_Human_H1N1_USA_1995_1972"/>
			?
		</sequence>
		<sequence>
			<taxon idref="47_Human_H1N1_USA_1996_1973"/>
			?
		</sequence>
		<sequence>
			<taxon idref="40_Human_H1N1_China_1995_1972"/>
			?
		</sequence>
		<sequence>
			<taxon idref="46_Human_H1N1_China_1996_1973"/>
			?
		</sequence>
		<sequence>
			<taxon idref="52_Human_H1N1_HongKong_1998_1975"/>
			?
		</sequence>
		<sequence>
			<taxon idref="49_Human_H1N1_Taiwan_1997_1974"/>
			?
		</sequence>
		<sequence>
			<taxon idref="51_Human_H1N1_HongKong_1998_1975"/>
			?
		</sequence>
		<sequence>
			<taxon idref="50_Human_H1N1_HongKong_1998_1975"/>
			?
		</sequence>
		<sequence>
			<taxon idref="60_Human_H1N1_Taiwan_2002_1979"/>
			?
		</sequence>
		<sequence>
			<taxon idref="54_Human_H1N1_NewCaledonia_1999_1976"/>
			?
		</sequence>
		<sequence>
			<taxon idref="53_Human_H1N1_Taiwan_1999_1976"/>
			?
		</sequence>
		<sequence>
			<taxon idref="56_Human_H1N1_USA_2000_1977"/>
			?
		</sequence>
		<sequence>
			<taxon idref="57_Human_H1N1_NewZealand_2000_1977"/>
			?
		</sequence>
		<sequence>
			<taxon idref="58_Human_H1N1_NewZealand_2000_1977"/>
			?
		</sequence>
		<sequence>
			<taxon idref="61_Human_H1N2_USA_2002_1979"/>
			?
		</sequence>
		<sequence>
			<taxon idref="62_Human_H1N2_Denmark_2003_1980"/>
			?
		</sequence>
		<sequence>
			<taxon idref="64_Human_H1N2_USA_2003_1980"/>
			?
		</sequence>
		<sequence>
			<taxon idref="59_Human_H1N1_Japan_2001_1978"/>
			?
		</sequence>
		<sequence>
			<taxon idref="63_Human_H1N1_USA_2003_1980"/>
			?
		</sequence>
		<sequence>
			<taxon idref="65_Human_H1N1_Denmark_2004_1981"/>
			?
		</sequence>
		<sequence>
			<taxon idref="68_Human_H1N1_Australia_2005_1982"/>
			?
		</sequence>
		<sequence>
			<taxon idref="79_Human_H1N1_USA_2007_1984"/>
			?
		</sequence>
		<sequence>
			<taxon idref="76_Human_H1N1_USA_2006_1983"/>
			?
		</sequence>
		<sequence>
			<taxon idref="82_Human_H1N1_USA_2007_1984"/>
			?
		</sequence>
		<sequence>
			<taxon idref="72_Human_H1N1_Thailand_2006_1983"/>
			?
		</sequence>
		<sequence>
			<taxon idref="77_Human_H1N1_SolomonIslands_2006_1983"/>
			?
		</sequence>
		<sequence>
			<taxon idref="74_Human_H1N1_China_2006_1983"/>
			?
		</sequence>
		<sequence>
			<taxon idref="75_Human_H1N1_China_2006_1983"/>
			?
		</sequence>
		<sequence>
			<taxon idref="81_Human_H1N1_USA_2007_1984"/>
			?
		</sequence>
		<sequence>
			<taxon idref="71_Human_H1N1_China_2006_1983"/>
			?
		</sequence>
		<sequence>
			<taxon idref="73_Human_H1N1_China_2006_1983"/>
			?
		</sequence>
		<sequence>
			<taxon idref="98_Human_H1N1_USA_2008_1985"/>
			?
		</sequence>
		<sequence>
			<taxon idref="83_Human_H1N1_USA_2007_1984"/>
			?
		</sequence>
		<sequence>
			<taxon idref="84_Human_H1N1_USA_2007_1984"/>
			?
		</sequence>
		<sequence>
			<taxon idref="67_Human_H1N1_NewZealand_2004_1981"/>
			?
		</sequence>
		<sequence>
			<taxon idref="97_Human_H1N1_Australia_2008_1985"/>
			?
		</sequence>
		<sequence>
			<taxon idref="78_Human_H1N1_USA_2006_1983"/>
			?
		</sequence>
		<sequence>
			<taxon idref="80_Human_H1N1_USA_2007_1984"/>
			?
		</sequence>
		<sequence>
			<taxon idref="86_Human_H1N1_USA_2007_1984"/>
			?
		</sequence>
		<sequence>
			<taxon idref="92_Human_H1N1_USA_2008_1985"/>
			?
		</sequence>
		<sequence>
			<taxon idref="87_Human_H1N1_USA_2007_1984"/>
			?
		</sequence>
		<sequence>
			<taxon idref="88_Human_H1N1_USA_2007_1984"/>
			?
		</sequence>
		<sequence>
			<taxon idref="85_Human_H1N1_USA_2007_1984"/>
			?
		</sequence>
		<sequence>
			<taxon idref="95_Human_H1N1_USA_2008_1985"/>
			?
		</sequence>
		<sequence>
			<taxon idref="89_Human_H1N1_USA_2007_1984"/>
			?
		</sequence>
		<sequence>
			<taxon idref="93_Human_H1N1_USA_2008_1985"/>
			?
		</sequence>
		<sequence>
			<taxon idref="94_Human_H1N1_USA_2008_1985"/>
			?
		</sequence>
		<sequence>
			<taxon idref="96_Human_H1N1_USA_2008_1985"/>
			?
		</sequence>
		<sequence>
			<taxon idref="90_Human_H1N1_USA_2008_1985"/>
			?
		</sequence>
		<sequence>
			<taxon idref="100_Human_H1N1_USA_2008_1985"/>
			?
		</sequence>
		<sequence>
			<taxon idref="91_Human_H1N1_USA_2008_1985"/>
			?
		</sequence>
		<sequence>
			<taxon idref="99_Human_H1N1_USA_2008_1985"/>
			?
		</sequence>
		<sequence>
			<taxon idref="115_Swine_H1N1_USA_1930"/>
			?
		</sequence>
		<sequence>
			<taxon idref="166_Swine_H1N1_1931"/>
			?
		</sequence>
		<sequence>
			<taxon idref="292_Swine_H1N1_USA_1945"/>
			?
		</sequence>
		<sequence>
			<taxon idref="243_Swine_H1N1_USA_1942"/>
			?
		</sequence>
		<sequence>
			<taxon idref="244_Swine_H1N1_USA_1935"/>
			?
		</sequence>
		<sequence>
			<taxon idref="232_Swine_H1N1_USA_1957"/>
			?
		</sequence>
		<sequence>
			<taxon idref="104_Swine_H1N1_USA_1961"/>
			?
		</sequence>
		<sequence>
			<taxon idref="293_Swine_H1N1_USA_1968"/>
			?
		</sequence>
		<sequence>
			<taxon idref="219_Swine_H1N1_USA_1966"/>
			?
		</sequence>
		<sequence>
			<taxon idref="207_Swine_H1N1_USA_1967"/>
			?
		</sequence>
		<sequence>
			<taxon idref="190_Swine_H1N1_USA_1970"/>
			?
		</sequence>
		<sequence>
			<taxon idref="188_Swine_H1N1_USA_1971"/>
			?
		</sequence>
		<sequence>
			<taxon idref="257_Swine_H1N1_USA_1973"/>
			?
		</sequence>
		<sequence>
			<taxon idref="202_Swine_H1N1_USA_1975"/>
			?
		</sequence>
		<sequence>
			<taxon idref="308_Swine_H1N1_USA_1976"/>
			?
		</sequence>
		<sequence>
			<taxon idref="171_Swine_H1N1_USA_1977"/>
			?
		</sequence>
		<sequence>
			<taxon idref="240_Swine_H1N1_USA_1977"/>
			?
		</sequence>
		<sequence>
			<taxon idref="217_Swine_H1N1_USA_1977"/>
			?
		</sequence>
		<sequence>
			<taxon idref="242_Swine_H1N1_USA_1977"/>
			?
		</sequence>
		<sequence>
			<taxon idref="214_Swine_H1N1_USA_1976"/>
			?
		</sequence>
		<sequence>
			<taxon idref="170_Swine_H1N1_USA_1976"/>
			?
		</sequence>
		<sequence>
			<taxon idref="178_Swine_H1N1_USA_1977"/>
			?
		</sequence>
		<sequence>
			<taxon idref="205_Swine_H1N1_USA_1977"/>
			?
		</sequence>
		<sequence>
			<taxon idref="184_Swine_H1N1_USA_1977"/>
			?
		</sequence>
		<sequence>
			<taxon idref="187_Swine_H1N1_USA_1978"/>
			?
		</sequence>
		<sequence>
			<taxon idref="144_Swine_H1N1_Japan_1977"/>
			?
		</sequence>
		<sequence>
			<taxon idref="290_Swine_H1N1_UnitedKingdom_1993"/>
			?
		</sequence>
		<sequence>
			<taxon idref="312_Swine_H1N1_UnitedKingdom_1986"/>
			?
		</sequence>
		<sequence>
			<taxon idref="103_Swine_H1N1_Japan_1979"/>
			?
		</sequence>
		<sequence>
			<taxon idref="113_Swine_H1N2_Japan_1996"/>
			?
		</sequence>
		<sequence>
			<taxon idref="110_Swine_H1N2_Japan_2003"/>
			?
		</sequence>
		<sequence>
			<taxon idref="128_Swine_H1N2_Japan_2006"/>
			?
		</sequence>
		<sequence>
			<taxon idref="183_Swine_H1N1_USA_1976"/>
			?
		</sequence>
		<sequence>
			<taxon idref="209_Swine_H1N1_USA_1978"/>
			?
		</sequence>
		<sequence>
			<taxon idref="231_Swine_H1N1_USA_1977"/>
			?
		</sequence>
		<sequence>
			<taxon idref="127_Swine_H1N2_Japan_1980"/>
			?
		</sequence>
		<sequence>
			<taxon idref="145_Swine_H1N1_Japan_1981"/>
			?
		</sequence>
		<sequence>
			<taxon idref="215_Swine_H1N1_USA_1976"/>
			?
		</sequence>
		<sequence>
			<taxon idref="218_Swine_H1N1_USA_1977"/>
			?
		</sequence>
		<sequence>
			<taxon idref="221_Swine_H1N1_USA_1978"/>
			?
		</sequence>
		<sequence>
			<taxon idref="208_Swine_H1N1_USA_1978"/>
			?
		</sequence>
		<sequence>
			<taxon idref="220_Swine_H1N1_USA_1978"/>
			?
		</sequence>
		<sequence>
			<taxon idref="112_Swine_H1N2_Thailand_2005"/>
			?
		</sequence>
		<sequence>
			<taxon idref="261_Swine_H1N1_Thailand_2005"/>
			?
		</sequence>
		<sequence>
			<taxon idref="143_Swine_H1N1_Thailand_2004"/>
			?
		</sequence>
		<sequence>
			<taxon idref="262_Swine_H1N1_Thailand_2005"/>
			?
		</sequence>
		<sequence>
			<taxon idref="206_Swine_H1N1_USA_1980"/>
			?
		</sequence>
		<sequence>
			<taxon idref="186_Swine_H1N1_USA_1979"/>
			?
		</sequence>
		<sequence>
			<taxon idref="189_Swine_H1N1_USA_1980"/>
			?
		</sequence>
		<sequence>
			<taxon idref="203_Swine_H1N1_Canada_1981"/>
			?
		</sequence>
		<sequence>
			<taxon idref="216_Swine_H1N1_Canada_1981"/>
			?
		</sequence>
		<sequence>
			<taxon idref="222_Swine_H1N1_USA_1987"/>
			?
		</sequence>
		<sequence>
			<taxon idref="299_Swine_H1N1_USA_1992"/>
			?
		</sequence>
		<sequence>
			<taxon idref="268_Swine_H1N1_Canada_2004"/>
			?
		</sequence>
		<sequence>
			<taxon idref="281_Swine_H1N1_Canada_2003"/>
			?
		</sequence>
		<sequence>
			<taxon idref="253_Swine_H1N1_Canada_2004"/>
			?
		</sequence>
		<sequence>
			<taxon idref="301_Swine_H1_Canada_1991"/>
			?
		</sequence>
		<sequence>
			<taxon idref="194_Swine_H1N2_Taiwan_2003"/>
			?
		</sequence>
		<sequence>
			<taxon idref="282_Swine_H1N2_Taiwan_2004"/>
			?
		</sequence>
		<sequence>
			<taxon idref="249_Swine_H1N1_Canada_2003"/>
			?
		</sequence>
		<sequence>
			<taxon idref="251_Swine_H1N1_Canada_2003"/>
			?
		</sequence>
		<sequence>
			<taxon idref="245_Swine_H1N1_USA_1986"/>
			?
		</sequence>
		<sequence>
			<taxon idref="185_Swine_H1N1_USA_1985"/>
			?
		</sequence>
		<sequence>
			<taxon idref="230_Swine_H1N1_USA_1987"/>
			?
		</sequence>
		<sequence>
			<taxon idref="142_Swine_H1N1_Thailand_2000"/>
			?
		</sequence>
		<sequence>
			<taxon idref="118_Swine_H1N1_USA_1997"/>
			?
		</sequence>
		<sequence>
			<taxon idref="175_Swine_H1N2_USA_2001"/>
			?
		</sequence>
		<sequence>
			<taxon idref="300_Swine_H1N1_USA_1988"/>
			?
		</sequence>
		<sequence>
			<taxon idref="111_Swine_H1N1_Thailand_2003"/>
			?
		</sequence>
		<sequence>
			<taxon idref="241_Swine_H1N1_USA_1988"/>
			?
		</sequence>
		<sequence>
			<taxon idref="201_Swine_H1N1_USA_1988"/>
			?
		</sequence>
		<sequence>
			<taxon idref="239_Swine_H1N1_China_2001"/>
			?
		</sequence>
		<sequence>
			<taxon idref="294_Swine_H1N1_China_2005"/>
			?
		</sequence>
		<sequence>
			<taxon idref="204_Swine_H1N1_USA_1991"/>
			?
		</sequence>
		<sequence>
			<taxon idref="136_Swine_H1N1_USA_1997"/>
			?
		</sequence>
		<sequence>
			<taxon idref="108_Swine_H1N1_USA_1997"/>
			?
		</sequence>
		<sequence>
			<taxon idref="109_Swine_H1N1_USA_1998"/>
			?
		</sequence>
		<sequence>
			<taxon idref="146_Swine_H1N1_USA_1998"/>
			?
		</sequence>
		<sequence>
			<taxon idref="280_Swine_H1N2_China_2004"/>
			?
		</sequence>
		<sequence>
			<taxon idref="284_Swine_H1N2_China_2005"/>
			?
		</sequence>
		<sequence>
			<taxon idref="306_Swine_H1N2_China_2007"/>
			?
		</sequence>
		<sequence>
			<taxon idref="271_Swine_H1N1_USA_1999"/>
			?
		</sequence>
		<sequence>
			<taxon idref="148_Swine_H1N2_USA_2000"/>
			?
		</sequence>
		<sequence>
			<taxon idref="138_Swine_H1N2_USA_2001"/>
			?
		</sequence>
		<sequence>
			<taxon idref="272_Swine_H1N1_USA_2002"/>
			?
		</sequence>
		<sequence>
			<taxon idref="172_Swine_H1N2_USA_2001"/>
			?
		</sequence>
		<sequence>
			<taxon idref="120_Swine_H1N2_USA_2001"/>
			?
		</sequence>
		<sequence>
			<taxon idref="193_Swine_H1N2_SouthKorea_2002"/>
			?
		</sequence>
		<sequence>
			<taxon idref="160_Swine_H1N2_USA_2001"/>
			?
		</sequence>
		<sequence>
			<taxon idref="260_Swine_H1N1_USA_2004"/>
			?
		</sequence>
		<sequence>
			<taxon idref="296_Swine_H1N1_SouthKorea_2004"/>
			?
		</sequence>
		<sequence>
			<taxon idref="297_Swine_H1N1_SouthKorea_2005"/>
			?
		</sequence>
		<sequence>
			<taxon idref="174_Swine_H1N2_USA_2001"/>
			?
		</sequence>
		<sequence>
			<taxon idref="147_Swine_H1N2_USA_2001"/>
			?
		</sequence>
		<sequence>
			<taxon idref="258_Swine_H1N2_USA_2001"/>
			?
		</sequence>
		<sequence>
			<taxon idref="139_Swine_H1N2_USA_2000"/>
			?
		</sequence>
		<sequence>
			<taxon idref="101_Human_H1N1_USA_2009"/>
			?
		</sequence>
		<sequence>
			<taxon idref="313_Human_H1N1_USA_2009"/>
			?
		</sequence>
		<sequence>
			<taxon idref="269_Swine_H1N2_China_2006"/>
			?
		</sequence>
		<sequence>
			<taxon idref="283_Swine_H1N2_China_2005"/>
			?
		</sequence>
		<sequence>
			<taxon idref="119_Swine_H1N2_USA_1999"/>
			?
		</sequence>
		<sequence>
			<taxon idref="173_Swine_H1N2_USA_2001"/>
			?
		</sequence>
		<sequence>
			<taxon idref="121_Swine_H1N2_USA_2001"/>
			?
		</sequence>
		<sequence>
			<taxon idref="122_Swine_H1N2_USA_2001"/>
			?
		</sequence>
		<sequence>
			<taxon idref="137_Swine_H1N2_USA_2001"/>
			?
		</sequence>
		<sequence>
			<taxon idref="263_Swine_H1N1_USA_2007"/>
			?
		</sequence>
		<sequence>
			<taxon idref="273_Swine_H1N2_USA_2003"/>
			?
		</sequence>
		<sequence>
			<taxon idref="151_Swine_H1N2_USA_2001"/>
			?
		</sequence>
		<sequence>
			<taxon idref="259_Swine_H1N2_USA_2004"/>
			?
		</sequence>
		<sequence>
			<taxon idref="291_Swine_H1N2_SouthKorea_2005"/>
			?
		</sequence>
		<sequence>
			<taxon idref="266_Swine_H1N2_SouthKorea_2005"/>
			?
		</sequence>
		<sequence>
			<taxon idref="298_Swine_H1N2_SouthKorea_2005"/>
			?
		</sequence>
		<sequence>
			<taxon idref="265_Swine_H1N2_SouthKorea_2004"/>
			?
		</sequence>
		<sequence>
			<taxon idref="275_Swine_H1N2_SouthKorea_2006"/>
			?
		</sequence>
	</alignment>

	<!-- The unique patterns from 1 to end                                       -->
	<!-- npatterns=1136                                                          -->
	<patterns id="patterns" from="1" strip="false">
		<alignment idref="alignment"/>
	</patterns>

	<!-- A prior assumption that the population size has remained constant       -->
	<!-- throughout the time spanned by the genealogy.                           -->
	<constantSize id="constant" units="years">
		<populationSize>
			<parameter id="constant.popSize" value="1.0" lower="0.0"/>
		</populationSize>
	</constantSize>

	<!-- Construct a rough-and-ready UPGMA tree as an starting tree              -->
	<upgmaTree id="startingTree" rootHeight="200.0">
		<distanceMatrix correction="JC">
			<patterns>

				<!-- To generate UPGMA starting tree, only use the 1st aligment, which may be 1 of many aligments using this tree.-->
				<alignment idref="alignment"/>
			</patterns>
		</distanceMatrix>
	</upgmaTree>

	<!-- Generate a tree model                                                   -->
	<treeModel id="treeModel">
		<upgmaTree idref="startingTree"/>
		<rootHeight>
			<parameter id="treeModel.rootHeight"/>
		</rootHeight>
		<nodeHeights internalNodes="true">
			<parameter id="treeModel.internalNodeHeights"/>
		</nodeHeights>
		<nodeHeights internalNodes="true" rootNode="true">
			<parameter id="treeModel.allInternalNodeHeights"/>
		</nodeHeights>
	</treeModel>

	<!-- Generate a coalescent likelihood                                        -->
	<coalescentLikelihood id="coalescent">
		<model>
			<constantSize idref="constant"/>
		</model>
		<populationTree>
			<treeModel idref="treeModel"/>
		</populationTree>
	</coalescentLikelihood>

	<!-- The uncorrelated relaxed clock (Drummond, Ho, Phillips & Rambaut (2006) PLoS Biology 4, e88 )-->
	<discretizedBranchRates id="branchRates">
		<treeModel idref="treeModel"/>
		<distribution>
			<logNormalDistributionModel meanInRealSpace="true">
				<mean>
					<parameter id="ucld.mean" value="1.0" lower="0.0"/>
				</mean>
				<stdev>
					<parameter id="ucld.stdev" value="0.3333333333333333" lower="0.0"/>
				</stdev>
			</logNormalDistributionModel>
		</distribution>
		<rateCategories>
			<parameter id="branchRates.categories"/>
		</rateCategories>
	</discretizedBranchRates>
	<rateStatistic id="meanRate" name="meanRate" mode="mean" internal="true" external="true">
		<treeModel idref="treeModel"/>
		<discretizedBranchRates idref="branchRates"/>
	</rateStatistic>
	<rateStatistic id="coefficientOfVariation" name="coefficientOfVariation" mode="coefficientOfVariation" internal="true" external="true">
		<treeModel idref="treeModel"/>
		<discretizedBranchRates idref="branchRates"/>
	</rateStatistic>
	<rateCovarianceStatistic id="covariance" name="covariance">
		<treeModel idref="treeModel"/>
		<discretizedBranchRates idref="branchRates"/>
	</rateCovarianceStatistic>

	<!-- The HKY substitution model (Hasegawa, Kishino & Yano, 1985)             -->
	<HKYModel id="hky">
		<frequencies>
			<frequencyModel dataType="nucleotide">
				<alignment idref="alignment"/>
				<frequencies>
					<parameter id="frequencies" dimension="4"/>
				</frequencies>
			</frequencyModel>
		</frequencies>
		<kappa>
			<parameter id="kappa" value="2.0" lower="0.0"/>
		</kappa>
	</HKYModel>

	<!-- site model                                                              -->
	<siteModel id="siteModel">
		<substitutionModel>
			<HKYModel idref="hky"/>
		</substitutionModel>
		<gammaShape gammaCategories="5">
			<parameter id="alpha" value="0.5" lower="0.0"/>
		</gammaShape>
	</siteModel>

	<!-- Likelihood for tree given sequence data                                 -->
	<treeLikelihood id="treeLikelihood" useAmbiguities="false" stateTagName="states">
		<patterns idref="patterns"/>
		<treeModel idref="treeModel"/>
		<siteModel idref="siteModel"/>
		<discretizedBranchRates idref="branchRates"/>
	</treeLikelihood>

	<!-- Define operators                                                        -->
	<operators id="operators">
		<scaleOperator scaleFactor="0.75" weight="0.1">
			<parameter idref="kappa"/>
		</scaleOperator>
		<scaleOperator scaleFactor="0.75" weight="0.1">
			<parameter idref="alpha"/>
		</scaleOperator>
		<scaleOperator scaleFactor="0.75" weight="3">
			<parameter idref="ucld.mean"/>
		</scaleOperator>
		<scaleOperator scaleFactor="0.75" weight="3">
			<parameter idref="ucld.stdev"/>
		</scaleOperator>
		<subtreeSlide size="0.1" gaussian="true" weight="15">
			<treeModel idref="treeModel"/>
		</subtreeSlide>
		<narrowExchange weight="15">
			<treeModel idref="treeModel"/>
		</narrowExchange>
		<wideExchange weight="3">
			<treeModel idref="treeModel"/>
		</wideExchange>
		<wilsonBalding weight="3">
			<treeModel idref="treeModel"/>
		</wilsonBalding>
		<scaleOperator scaleFactor="0.75" weight="3">
			<parameter idref="treeModel.rootHeight"/>
		</scaleOperator>
		<uniformOperator weight="30">
			<parameter idref="treeModel.internalNodeHeights"/>
		</uniformOperator>
		<scaleOperator scaleFactor="0.75" weight="3">
			<parameter idref="constant.popSize"/>
		</scaleOperator>
		<upDownOperator scaleFactor="0.75" weight="3">
			<up>
				<parameter idref="ucld.mean"/>
			</up>
			<down>
				<parameter idref="treeModel.allInternalNodeHeights"/>
			</down>
		</upDownOperator>
		<swapOperator size="1" weight="10" autoOptimize="false">
			<parameter idref="branchRates.categories"/>
		</swapOperator>
		<uniformIntegerOperator weight="10">
			<parameter idref="branchRates.categories"/>
		</uniformIntegerOperator>
	</operators>

	<!-- Define MCMC                                                             -->
	<mcmc id="mcmc" chainLength="100000000" autoOptimize="true">
		<posterior id="posterior">
			<prior id="prior">
				<gammaPrior shape="2.0" scale="1.0" offset="0.0">
					<parameter idref="kappa"/>
				</gammaPrior>
				<gammaPrior shape="2.0" scale="0.25" offset="0.0">
					<parameter idref="alpha"/>
				</gammaPrior>
				<gammaPrior shape="4.0" scale="20" offset="0.0">
					<parameter idref="ucld.stdev"/>
				</gammaPrior>
				<gammaPrior shape="2.0" scale="0.001" offset="0.0">
					<parameter idref="ucld.mean"/>
				</gammaPrior>
                                
				<uniformPrior lower="100.0" upper="500.0">
                                        <parameter idref="treeModel.rootHeight"/>
                                </uniformPrior>

				<exponentialPrior mean="1.0" offset="0.0">
					<parameter idref="constant.popSize"/>
				</exponentialPrior>
				<coalescentLikelihood idref="coalescent"/>
			</prior>
			<likelihood id="likelihood">
				<treeLikelihood idref="treeLikelihood"/>
			</likelihood>
		</posterior>
		<operators idref="operators"/>

		<!-- write log to screen                                                     -->
		<log id="screenLog" logEvery="10000">
			<column label="Posterior" dp="4" width="12">
				<posterior idref="posterior"/>
			</column>
			<column label="Prior" dp="4" width="12">
				<prior idref="prior"/>
			</column>
			<column label="Likelihood" dp="4" width="12">
				<likelihood idref="likelihood"/>
			</column>
			<column label="rootHeight" sf="6" width="12">
				<parameter idref="treeModel.rootHeight"/>
			</column>
			<column label="ucld.mean" sf="6" width="12">
				<parameter idref="ucld.mean"/>
			</column>
		</log>

		<!-- write log to file                                                       -->
		<log id="fileLog" logEvery="10000" fileName="H1.Beast.log" overwrite="false">
			<posterior idref="posterior"/>
			<prior idref="prior"/>
			<likelihood idref="likelihood"/>
			<parameter idref="treeModel.rootHeight"/>
			<parameter idref="constant.popSize"/>
			<parameter idref="kappa"/>
			<parameter idref="alpha"/>
			<parameter idref="ucld.mean"/>
			<parameter idref="ucld.stdev"/>
			<rateStatistic idref="meanRate"/>
			<rateStatistic idref="coefficientOfVariation"/>
			<rateCovarianceStatistic idref="covariance"/>
			<treeLikelihood idref="treeLikelihood"/>
			<coalescentLikelihood idref="coalescent"/>
		</log>

		<!-- write tree log to file                                                  -->
		<logTree id="treeFileLog" logEvery="10000" nexusFormat="true" fileName="H1.Beast.trees" sortTranslationTable="true">
			<treeModel idref="treeModel"/>
			<trait name="rate" tag="rate">
				<discretizedBranchRates idref="branchRates"/>
			</trait>
			<posterior idref="posterior"/>
		</logTree>
	</mcmc>
	<report>
		<property name="timer">
			<mcmc idref="mcmc"/>
		</property>
	</report>
</beast>
