t_n268	t_n269	t_n270	t_n271	t_n272	t_n273	t_n274	t_n275	t_n276	t_n277	t_n278	t_n279	t_n280	t_n281	t_n282	t_n283	t_n284	t_n285	t_n286	t_n287	t_n288	t_n289	t_n290	t_n291	t_n292	t_n293	t_n294	t_n295	t_n296	t_n297	t_n298	t_n299	t_n300	t_n301	t_n302	t_n303	t_n304	t_n305	t_n306	t_n307	t_n308	t_n309	t_n310	t_n311	t_n312	t_n313	t_n314	t_n315	t_n316	t_n317	t_n318	t_n319	t_n320	t_n321	t_n322	t_n323	t_n324	t_n325	t_n326	t_n327	t_n328	t_n329	t_n330	t_n331	t_n332	t_n333	t_n334	t_n335	t_n336	t_n337	t_n338	t_n339	t_n340	t_n341	t_n342	t_n343	t_n344	t_n345	t_n346	t_n347	t_n348	t_n349	t_n350	t_n351	t_n352	t_n353	t_n354	t_n355	t_n356	t_n357	t_n358	t_n359	t_n360	t_n361	t_n362	t_n363	t_n364	t_n365	t_n366	t_n367	t_n368	t_n369	t_n370	t_n371	t_n372	t_n373	t_n374	t_n375	t_n376	t_n377	t_n378	t_n379	t_n380	t_n381	t_n382	t_n383	t_n384	t_n385	t_n386	t_n387	t_n388	t_n389	t_n390	t_n391	t_n392	t_n393	t_n394	t_n395	t_n396	t_n397	t_n398	t_n399	t_n400	t_n401	t_n402	t_n403	t_n404	t_n405	t_n406	t_n407	t_n408	t_n409	t_n410	t_n411	t_n412	t_n413	t_n414	t_n415	t_n416	t_n417	t_n418	t_n419	t_n420	t_n421	t_n422	t_n423	t_n424	t_n425	t_n426	t_n427	t_n428	t_n429	t_n430	t_n431	t_n432	t_n433	t_n434	t_n435	t_n436	t_n437	t_n438	t_n439	t_n440	t_n441	t_n442	t_n443	t_n444	t_n445	t_n446	t_n447	t_n448	t_n449	t_n450	t_n451	t_n452	t_n453	t_n454	t_n455	t_n456	t_n457	t_n458	t_n459	t_n460	t_n461	t_n462	t_n463	t_n464	t_n465	t_n466	t_n467	t_n468	t_n469	t_n470	t_n471	t_n472	t_n473	t_n474	t_n475	t_n476	t_n477	t_n478	t_n479	t_n480	t_n481	t_n482	t_n483	t_n484	t_n485	t_n486	t_n487	t_n488	t_n489	t_n490	t_n491	t_n492	t_n493	t_n494	t_n495	t_n496	t_n497	t_n498	t_n499	t_n500	t_n501	t_n502	t_n503	t_n504	t_n505	t_n506	t_n507	t_n508	t_n509	t_n510	t_n511	t_n512	t_n513	t_n514	t_n515	t_n516	t_n517	t_n518	t_n519	t_n520	t_n521	t_n522	t_n523	t_n524	t_n525	t_n526	t_n527	t_n528	t_n529	t_n530	t_n531	t_n532	t_n533
run1	2.073304	0.6107338	0.558392	0.5068036	0.471642	0.4525992	0.4264796	0.3879277	0.3813231	0.363568	0.2523035	0.2041846	0.1807235	0.1658169	0.1358746	0.1257508	0.1195164	0.0648448	0.0565992	0.0378595	0.0234846	0.0163095	0.0512489	0.0315542	0.0125356	0.0431949	0.1227647	0.0918451	0.073501	0.0535654	0.0371808	0.0281726	0.0732149	0.0077412	0.111424	0.1479326	0.1331038	0.1199431	0.0939103	0.0559472	0.0458997	0.0437567	0.0541557	0.0339984	0.019265	0.0257998	0.0841948	0.0578201	0.0188064	0.1360981	0.1254257	0.0619783	0.0471699	0.0414132	0.0361898	0.0078613	0.0512721	0.1238372	0.0828168	0.1087973	0.1897291	0.0857655	0.0794328	0.0751542	0.0705887	0.0387057	0.0274046	0.0164147	0.0678118	0.0501344	0.0694708	0.0563944	0.0495414	0.058089	0.1643628	0.0809644	0.0729219	0.0325213	0.0206271	0.0117614	0.0077576	0.0030231	0.0082939	0.020528	0.0826294	0.059309	0.2349873	0.0709265	0.0628604	0.0234502	0.1485778	0.2626993	0.2160979	0.1589861	0.1320892	0.1246879	0.0820075	0.0768172	0.0636779	0.0598772	0.0488486	0.0423628	0.0383092	0.0289971	0.0256831	0.0207148	0.0136223	0.0113553	0.0275289	0.051175	0.0363089	0.0274706	0.0079069	0.0309113	0.0095069	0.0961492	0.2896127	0.2730833	0.2638926	0.2122976	0.1995782	0.124477	0.1741804	0.1855495	0.2031677	0.3447592	0.20494	0.1564918	0.0598474	0.4348985	0.3651074	0.3132196	0.295046	0.1913043	0.1676467	0.1564538	0.0983402	0.0646555	0.0596315	0.0156968	0.0296909	0.0514141	0.1504019	0.1333385	0.1127017	0.0553684	0.0079711	0.0475913	0.261008	0.2308549	0.154038	0.0756943	0.0685714	0.1648499	0.1008076	0.2723307	0.2520001	0.2183301	0.2037784	0.1607481	0.144093	0.0582791	0.191103	0.1459808	0.1218772	0.1104889	0.2529671	0.2049553	0.1884817	0.1690849	0.1140225	0.107432	0.0983473	0.0919021	0.0830231	0.079461	0.0728242	0.0657028	0.0576811	0.0139529	0.0097915	0.0108334	0.0094346	0.0051238	0.0761167	0.066954	0.0617026	0.0517179	0.0483596	0.0282345	0.0481371	0.1618678	0.0653784	0.0542932	0.0391177	0.3488632	0.3223138	0.2804178	0.2724373	0.2628791	0.2448422	0.2213624	0.2039447	0.1904427	0.1822919	0.1010891	0.0313532	0.0185969	0.0106269	0.15522	0.0738421	0.0625062	0.1462404	0.1013193	0.112438	0.1515736	0.0036009	0.1391332	0.1263261	0.0620312	0.0452998	0.0775518	0.1172117	0.0436367	0.2213306	0.1885226	0.1365095	0.1192361	0.1030609	0.0786839	0.0470852	0.1392276	0.0647778	0.1285917	0.1794527	0.2285476	0.1813077	0.1838103	0.1975702	0.14051	0.0899731	0.1968146	0.2195555	0.2008869	0.0799254	0.0619202	0.0183253	0.0130752	0.0308551	0.3596549	0.3260976	0.1070052	0.0811675	0.0674156	0.0577931	0.0520319	0.0104519	0.2653913	0.2249787	0.2132342	0.2624756	0.1818181	0.0171848	0.074296	0.312536	0.0947769
run2	2.0695224	0.6110891	0.5599667	0.5086326	0.4737053	0.4556545	0.4298666	0.3906656	0.3844982	0.3664761	0.2550726	0.2060458	0.1825449	0.1678939	0.1368801	0.1269065	0.1206242	0.0653956	0.0573689	0.0383194	0.0237246	0.0164855	0.0518718	0.0316995	0.0128085	0.0439593	0.1241842	0.0931246	0.0747981	0.0549337	0.0377443	0.0286769	0.0745011	0.0078698	0.1126016	0.1493112	0.1341139	0.1208517	0.0946084	0.0560617	0.0463357	0.0441898	0.0546932	0.0346962	0.0193159	0.0263079	0.0848291	0.0587917	0.0192975	0.1371463	0.1264071	0.0628455	0.0474154	0.0418851	0.0366102	0.0081469	0.0511277	0.1245569	0.0835166	0.1092482	0.1912341	0.0868618	0.0801118	0.0762281	0.0713377	0.0392823	0.0276848	0.0165585	0.0685241	0.0508888	0.070522	0.0573973	0.0506031	0.0591776	0.1657459	0.0823541	0.0744801	0.0332821	0.0210901	0.0119146	0.0078481	0.0031393	0.0084566	0.0210444	0.0836312	0.0604996	0.2373175	0.0719765	0.0636253	0.0232626	0.1485788	0.2657456	0.2191403	0.1620734	0.1343922	0.1273588	0.0841239	0.0786052	0.0653142	0.0616901	0.0503182	0.0435132	0.0391134	0.0296649	0.0261912	0.0211119	0.0138916	0.0115999	0.0280895	0.0523782	0.0370117	0.0281323	0.0082036	0.0314971	0.0096113	0.0980243	0.2930957	0.275992	0.2667414	0.2147315	0.20178	0.1256888	0.1760014	0.1867795	0.2047659	0.3468361	0.2040026	0.1573103	0.059583	0.4379397	0.3687584	0.31598	0.2976827	0.1922243	0.1689424	0.1573739	0.0983855	0.0644157	0.059632	0.0158922	0.0297145	0.0517344	0.1514056	0.1329024	0.1132159	0.0566545	0.0080483	0.0474557	0.2635151	0.2327115	0.1554701	0.0765624	0.0696423	0.1663027	0.100058	0.2754237	0.255428	0.2203344	0.20533	0.162364	0.1446302	0.0590679	0.1925362	0.146447	0.1230379	0.1121774	0.256368	0.206233	0.1909811	0.1705326	0.1162943	0.109564	0.1009789	0.0946085	0.0857611	0.0819311	0.0749877	0.0679322	0.0601285	0.0142802	0.0102207	0.0111625	0.0097256	0.0053035	0.0782963	0.0687905	0.0631489	0.0527764	0.0494095	0.0291266	0.0488844	0.1635196	0.0661472	0.0547474	0.0395257	0.352357	0.3254931	0.2835756	0.2754416	0.2662427	0.2483105	0.2246677	0.2069869	0.1931377	0.1847344	0.1028055	0.0311178	0.0186082	0.0105527	0.1567318	0.0748515	0.0632285	0.1474747	0.1019974	0.1125663	0.1533306	0.0037824	0.1407442	0.1282888	0.062806	0.0459731	0.0774523	0.1182685	0.0439973	0.2238814	0.1912112	0.1375517	0.1202102	0.1042464	0.0790965	0.0472261	0.1410319	0.0660589	0.1302352	0.1809703	0.2321731	0.1832963	0.1846108	0.1988442	0.140504	0.0910855	0.1970581	0.21999	0.2041974	0.0801984	0.0625156	0.0183765	0.0133109	0.0310035	0.361652	0.3276046	0.108054	0.0825891	0.0681968	0.0584928	0.0528253	0.0109305	0.2684332	0.2268355	0.2155435	0.264662	0.1840376	0.0174509	0.0751974	0.3349465	0.1024688
run3	2.0754755	0.6115048	0.5598663	0.5082922	0.4730233	0.4546	0.4286094	0.389995	0.383396	0.3656994	0.254158	0.2056374	0.181738	0.1668115	0.1364917	0.1264116	0.1195956	0.0649252	0.0564772	0.0377558	0.0235381	0.0161293	0.0510204	0.0311549	0.0125537	0.043649	0.1235601	0.0929206	0.074326	0.0548899	0.0376444	0.0284077	0.0745535	0.0078399	0.1120781	0.1485199	0.1335168	0.1201678	0.0939234	0.0560533	0.0456073	0.0435398	0.0539469	0.03409	0.0191747	0.0260738	0.0843542	0.0580225	0.0191761	0.1350933	0.1251169	0.0628295	0.0469973	0.0411995	0.0359853	0.0079767	0.0510816	0.1235237	0.0825684	0.1091328	0.1906691	0.0870092	0.0804579	0.0763351	0.0715581	0.0394226	0.0275883	0.0164436	0.0686748	0.0509914	0.0708962	0.0571195	0.0501788	0.0590207	0.1647851	0.0814828	0.0738444	0.0328863	0.0207262	0.0118673	0.0078899	0.0030416	0.0084539	0.0207776	0.083227	0.0598723	0.2364696	0.0723238	0.0638525	0.0233501	0.1486893	0.2649679	0.2174613	0.1595871	0.1328818	0.125411	0.0829598	0.0775431	0.0648171	0.0610318	0.0496447	0.0429859	0.038683	0.0292005	0.0257817	0.0207328	0.0137864	0.0115021	0.0280115	0.0521589	0.0367236	0.0277757	0.0080538	0.0313009	0.0095189	0.0959534	0.2911877	0.2749303	0.2663639	0.2148721	0.2004389	0.1249769	0.1757507	0.1866313	0.2038762	0.3462683	0.2045716	0.1569286	0.0602607	0.4368141	0.3668578	0.3143854	0.2964155	0.1926738	0.1691036	0.1566745	0.0982873	0.06446	0.0595281	0.0158803	0.0296107	0.0515229	0.1514423	0.1340318	0.113616	0.056514	0.00785	0.0474656	0.2618141	0.2310325	0.1543766	0.0762469	0.0694978	0.1655237	0.1000284	0.2735525	0.253033	0.219459	0.2039271	0.160745	0.1436972	0.058418	0.1913521	0.1449746	0.1216096	0.1100647	0.2538433	0.2054899	0.1895142	0.1707069	0.1150148	0.1085956	0.0999201	0.0937348	0.0841388	0.0805999	0.0741465	0.0671823	0.0593791	0.014368	0.0102849	0.011096	0.0096441	0.0053684	0.0773236	0.0677997	0.0625237	0.0524993	0.0490158	0.0287523	0.0487963	0.1633897	0.0659898	0.054807	0.0393048	0.3506313	0.3234803	0.2814689	0.2735952	0.2643064	0.2464115	0.2228897	0.2054868	0.1913449	0.1837408	0.1010379	0.0310238	0.0185702	0.0105079	0.154852	0.0738994	0.0624734	0.1460446	0.0999801	0.1118523	0.1531348	0.00361	0.1390704	0.1267362	0.0626259	0.0457077	0.0777041	0.1175869	0.0433792	0.2225681	0.1896339	0.137081	0.1193068	0.1032342	0.078121	0.0468266	0.1401707	0.0650726	0.1293842	0.1799563	0.2297076	0.1824181	0.1832898	0.198785	0.1410944	0.0904231	0.1956037	0.220893	0.2012468	0.0809218	0.0625362	0.0184401	0.013097	0.0306011	0.3621866	0.32792	0.1080058	0.0822294	0.068218	0.0586822	0.0532333	0.01073	0.2677048	0.2256067	0.2146264	0.2651403	0.1855871	0.0176075	0.0752594	0.3308509	0.1022812
run4	2.0644952	0.6111623	0.5596989	0.5077519	0.4724111	0.4541518	0.4281046	0.3893368	0.3827854	0.3652166	0.2529991	0.2040097	0.1805957	0.1657961	0.1364163	0.1260554	0.1196445	0.0646995	0.0565258	0.0381794	0.023618	0.0162935	0.0511738	0.0313849	0.012794	0.0436219	0.1236175	0.0923757	0.0743831	0.054218	0.0375638	0.0286184	0.0736647	0.0078268	0.1117908	0.1479278	0.1327987	0.1195506	0.0938008	0.0557309	0.0454887	0.0438264	0.0540132	0.034066	0.019167	0.0259227	0.0846662	0.0580577	0.0190761	0.1352635	0.1249281	0.0621373	0.0469284	0.0412656	0.035933	0.0079397	0.0512415	0.1234259	0.0820135	0.1087474	0.1896893	0.0866523	0.0807331	0.0761367	0.0713833	0.0390227	0.0273223	0.0164025	0.0683428	0.0508161	0.070525	0.0571194	0.0499755	0.0589139	0.1648963	0.0805912	0.0727104	0.0326346	0.0208295	0.0116764	0.0077881	0.0030669	0.0082788	0.0205204	0.0830334	0.0603617	0.2359783	0.0720549	0.0633361	0.023591	0.1489816	0.264606	0.2191295	0.1615417	0.1346932	0.1272426	0.0840454	0.07853	0.065059	0.0612506	0.050071	0.0434484	0.0390942	0.0295856	0.0261592	0.0210631	0.0138997	0.0116342	0.0280649	0.0525213	0.0368711	0.0279994	0.0082077	0.0314689	0.0095617	0.0974075	0.2915458	0.2753784	0.2652824	0.2139745	0.2004715	0.1254108	0.1745391	0.1861537	0.2051221	0.3457217	0.2029677	0.1564798	0.0594489	0.4365311	0.366924	0.3150741	0.2969431	0.1925406	0.1687861	0.1575785	0.0995402	0.0646461	0.0593797	0.0157118	0.029746	0.0514599	0.1515697	0.1344289	0.1141132	0.0565695	0.0080651	0.0474309	0.2619131	0.2311252	0.1542119	0.0763308	0.069604	0.1654437	0.1003215	0.2742063	0.2543968	0.2198492	0.2047732	0.1618925	0.1443723	0.0591711	0.1930167	0.1454604	0.1218705	0.1114344	0.2540232	0.2052345	0.1896817	0.1697177	0.1154424	0.1086036	0.0995951	0.0935447	0.0845924	0.0809283	0.0738817	0.0664927	0.0588503	0.0141787	0.0100855	0.0109971	0.0096013	0.0052642	0.0772472	0.067918	0.0622838	0.0523571	0.0493463	0.028659	0.0491434	0.1630658	0.0661915	0.0541633	0.039176	0.3509853	0.32342	0.2817234	0.2730184	0.2639434	0.2465152	0.2228181	0.2052755	0.1909953	0.1825015	0.1007766	0.0314706	0.01833	0.0106314	0.1552961	0.0743051	0.0627904	0.1459081	0.1013224	0.1128613	0.1522399	0.0036539	0.139587	0.1270685	0.0623623	0.0451805	0.0775675	0.1173545	0.0440311	0.2226282	0.1897457	0.1371076	0.1190932	0.102973	0.0780963	0.0464581	0.1403617	0.0652982	0.1295557	0.1803415	0.2307852	0.1833889	0.1833452	0.1984245	0.1404248	0.0898229	0.1971597	0.2207791	0.2031981	0.081726	0.0632219	0.0186268	0.0131494	0.030933	0.3618183	0.3275897	0.1080043	0.0823431	0.0683124	0.0584949	0.0526596	0.0108107	0.2673553	0.2262418	0.215151	0.2644202	0.1844586	0.0175108	0.0757693	0.3256299	0.099123
run5	2.0777735	0.6108772	0.558966	0.5074424	0.4726275	0.4537028	0.4274997	0.3890438	0.3823891	0.3647927	0.2532219	0.2047525	0.1811069	0.1661597	0.1366744	0.1264403	0.1201574	0.0647864	0.0568554	0.0377332	0.0235983	0.0159923	0.0511758	0.031175	0.0126234	0.0433516	0.1236745	0.092049	0.0738777	0.0541879	0.037236	0.0282692	0.0732773	0.0076177	0.1115515	0.147815	0.1332817	0.1199987	0.0934894	0.0556137	0.0456571	0.0434779	0.0540036	0.0340695	0.0191185	0.025656	0.0842486	0.0577806	0.0189738	0.1356808	0.1255417	0.0626655	0.0479213	0.0420571	0.0366008	0.0080845	0.0512868	0.1241445	0.0823664	0.1090353	0.1898526	0.0864165	0.0802031	0.0763038	0.0714001	0.0393409	0.0275236	0.0163524	0.068544	0.0507436	0.0705147	0.0570343	0.0501669	0.0592662	0.1650431	0.0822789	0.0745698	0.0334071	0.0211863	0.0118478	0.0078393	0.0031343	0.0085707	0.0211005	0.0831318	0.0604638	0.2358407	0.0723751	0.0639163	0.023857	0.148254	0.2648545	0.2185326	0.16107	0.1337975	0.1264999	0.0839401	0.0782755	0.0650759	0.0614888	0.0501102	0.0437001	0.0394454	0.0297885	0.0263846	0.0211971	0.0140524	0.0117808	0.0279543	0.0520375	0.0371116	0.0280398	0.0082259	0.0314245	0.009563	0.0966597	0.2909737	0.2739401	0.2644131	0.2136237	0.1999651	0.1248099	0.174256	0.1862239	0.2033696	0.3451396	0.2032253	0.1570209	0.0600365	0.4358492	0.3666441	0.3141816	0.2965913	0.1929559	0.1687932	0.157556	0.0988812	0.0648928	0.0600472	0.0158158	0.0297638	0.0518435	0.1518084	0.1331589	0.1130218	0.0559915	0.0080773	0.0480766	0.2616967	0.2313444	0.154059	0.0760297	0.0693154	0.1659151	0.099582	0.273878	0.2536384	0.2195393	0.2039563	0.1616304	0.1441563	0.0591074	0.1914029	0.1465422	0.1225329	0.1121061	0.2543087	0.20506	0.1891243	0.169683	0.1147369	0.1081136	0.0993738	0.0929401	0.0836759	0.0801743	0.0735108	0.0664994	0.0588094	0.0140379	0.0101202	0.0109568	0.0096049	0.005335	0.0767367	0.0676396	0.0621801	0.0524523	0.0490082	0.0291783	0.0486474	0.1632525	0.0658474	0.0546255	0.0390383	0.3494721	0.3228365	0.2811949	0.2728703	0.2635927	0.2457722	0.2222128	0.204664	0.1909821	0.1824668	0.1014108	0.0309313	0.0183205	0.0104908	0.1555462	0.0739613	0.0631749	0.1458519	0.1008535	0.1120491	0.1518008	0.0036812	0.1391877	0.126692	0.0625474	0.0454296	0.0771803	0.1174536	0.0434223	0.221887	0.1886559	0.1364218	0.1187759	0.1030325	0.0784722	0.0470476	0.1397832	0.0653491	0.1295577	0.1794636	0.2298069	0.1816586	0.1832871	0.1978786	0.140472	0.0903033	0.1954845	0.2206206	0.2018855	0.0803652	0.0624383	0.0180469	0.0128142	0.0303283	0.3607177	0.3275483	0.1077585	0.0822367	0.0681295	0.0584477	0.0526641	0.0107046	0.2666943	0.2262591	0.2144193	0.2635841	0.1838952	0.0175118	0.0750012	0.3267267	0.0994963
run6	2.0702907	0.6106673	0.5593874	0.5073589	0.4715522	0.4530629	0.4268742	0.3881319	0.3817102	0.3637175	0.2527522	0.2041947	0.1805433	0.1657831	0.135813	0.1254857	0.1188888	0.0644637	0.0567152	0.0378848	0.023764	0.0161841	0.0512206	0.0313818	0.0124612	0.0433913	0.1229414	0.0925527	0.0741077	0.0543527	0.0374611	0.0283959	0.0738514	0.0077572	0.1114053	0.1478301	0.1324014	0.1191783	0.0936509	0.0556171	0.045556	0.0436322	0.0539878	0.0339423	0.0192236	0.0261289	0.0846319	0.0582392	0.0192705	0.1350143	0.1249439	0.0621802	0.0471666	0.0415132	0.0365419	0.0080455	0.050935	0.1230806	0.0825825	0.1085077	0.1899656	0.0867267	0.0802588	0.076108	0.071056	0.0388232	0.0276397	0.0164157	0.0683018	0.0509089	0.0705773	0.0569902	0.0499975	0.0590691	0.1642989	0.0811332	0.073156	0.0326677	0.0209016	0.01168	0.0078245	0.0030906	0.0083744	0.0209492	0.0836273	0.0597171	0.2355106	0.071369	0.0634512	0.02307	0.1479254	0.2641581	0.2178685	0.1604632	0.1330308	0.1254831	0.0832921	0.0782429	0.0651448	0.0612003	0.0499587	0.0432071	0.0390459	0.0295199	0.0261765	0.020978	0.0139514	0.0116542	0.0282323	0.0521298	0.0370068	0.027773	0.0080749	0.0315389	0.0094983	0.0968803	0.2914358	0.2742455	0.2645566	0.2131798	0.199613	0.1249056	0.1737541	0.1865484	0.2049389	0.3449019	0.2036875	0.1560524	0.0600126	0.4354378	0.366012	0.314031	0.2957739	0.1919432	0.1686643	0.1571931	0.0994702	0.0647482	0.0598261	0.0157598	0.0300636	0.0517283	0.1512291	0.1331417	0.1137429	0.0567394	0.0079431	0.047346	0.2617462	0.2314317	0.154031	0.0759937	0.0691457	0.165725	0.0999705	0.2733016	0.2527194	0.2185108	0.2036602	0.1606528	0.1437844	0.0586751	0.1910776	0.1461454	0.1235667	0.1125569	0.2540224	0.2048558	0.1891584	0.1699325	0.1147948	0.1081223	0.0994917	0.0933425	0.0844771	0.081063	0.0742861	0.0672126	0.0593267	0.0139429	0.00988	0.0110087	0.0096054	0.0052366	0.0773856	0.0681063	0.0626361	0.0526858	0.0490025	0.0287932	0.0487109	0.1624069	0.0660144	0.0543601	0.038909	0.3488014	0.3227606	0.2810954	0.2727288	0.2640187	0.2457992	0.2222471	0.204812	0.1906968	0.1821174	0.1013002	0.0306927	0.0183206	0.0105442	0.1558589	0.0739506	0.0624492	0.1456839	0.1007894	0.1126538	0.1510177	0.0036762	0.1395105	0.1267038	0.0621107	0.0453513	0.0777408	0.1173767	0.0439032	0.2220548	0.1885609	0.1360114	0.1187416	0.1027946	0.0781922	0.0462825	0.139498	0.0651708	0.1289379	0.180652	0.2299013	0.1819638	0.1821463	0.1992886	0.141991	0.0903609	0.1954104	0.2204106	0.2021113	0.0797978	0.0624635	0.0184481	0.0131738	0.0303719	0.3622056	0.3284802	0.1081294	0.0823945	0.0683301	0.0587226	0.0527676	0.0106714	0.2678945	0.2256395	0.2148506	0.2637843	0.1841277	0.0173029	0.0757804	0.3309168	0.1029916
run7	2.0677693	0.6111531	0.5600527	0.50844	0.4732987	0.4545213	0.4286439	0.389841	0.3831254	0.3652848	0.2530916	0.2039975	0.1806731	0.1664985	0.1361782	0.1262432	0.1201707	0.0648572	0.0565431	0.0376231	0.0231975	0.0161822	0.0513721	0.0312331	0.0126904	0.0429474	0.123658	0.0925846	0.0739972	0.0539514	0.0375265	0.0285706	0.074048	0.007979	0.111777	0.1480013	0.1328705	0.1201074	0.0940433	0.0559703	0.0459669	0.0438289	0.0536571	0.0340605	0.0190461	0.0259682	0.0846906	0.0582977	0.0190492	0.1358618	0.1257849	0.0622009	0.0474247	0.0419184	0.0362793	0.0079223	0.0507294	0.124231	0.0822541	0.1093246	0.1896532	0.0864079	0.0803901	0.0758334	0.07106	0.0387202	0.0272045	0.0163441	0.068066	0.0506171	0.0703516	0.0570196	0.0502291	0.0587511	0.1647084	0.0819215	0.0741261	0.0328208	0.0209408	0.0116358	0.0077729	0.0030424	0.0083887	0.0210139	0.0833038	0.0599006	0.2355399	0.0722159	0.0630545	0.0235218	0.1486599	0.2645323	0.2182435	0.1606503	0.1335798	0.1256391	0.0831317	0.0779726	0.0643399	0.0607043	0.0495228	0.0428222	0.0385605	0.0291659	0.0258656	0.0208568	0.0137066	0.0115064	0.0277856	0.0514106	0.0365031	0.0275184	0.0079871	0.0313332	0.0094013	0.096837	0.2923949	0.2750055	0.2658775	0.2137911	0.2006353	0.1259315	0.174648	0.1866755	0.2044382	0.3458664	0.2039949	0.1571918	0.0599667	0.4372341	0.3670019	0.3145453	0.2963437	0.1931867	0.1695275	0.1586527	0.0994541	0.0642554	0.0593114	0.0157946	0.0293441	0.0516778	0.1523982	0.1338328	0.1132934	0.0564052	0.0081896	0.0475517	0.2622036	0.2310263	0.1552244	0.077171	0.0696295	0.1647803	0.1002679	0.2746537	0.2540379	0.2194562	0.2038938	0.1608575	0.1440157	0.058668	0.1917683	0.1466396	0.1240531	0.1124709	0.2547361	0.2053183	0.1890847	0.1692271	0.1141047	0.1074944	0.0989008	0.0927216	0.0839935	0.0802471	0.0738437	0.0663731	0.058392	0.0139484	0.0100147	0.0109977	0.0095085	0.0050742	0.0768714	0.0674171	0.0621019	0.0524879	0.0486015	0.0287004	0.0485032	0.1626385	0.0657105	0.0547262	0.039009	0.3505101	0.3235347	0.2814689	0.2732768	0.2636532	0.2457604	0.2223684	0.2047629	0.1905057	0.1821796	0.1001367	0.0308635	0.0184087	0.0105496	0.1554319	0.0736412	0.0623499	0.1457919	0.1006028	0.1116683	0.1515005	0.0035798	0.1394106	0.1270872	0.0617957	0.0452364	0.0768366	0.1179589	0.0439039	0.2218633	0.1891699	0.1365233	0.1189594	0.1030857	0.078012	0.0465407	0.1400558	0.0645064	0.1290107	0.179364	0.2299588	0.1817102	0.1827284	0.1986926	0.1402368	0.0904669	0.1959697	0.2207358	0.2024153	0.0807659	0.0628707	0.0185879	0.0132576	0.0310347	0.3610853	0.3286087	0.107939	0.0823051	0.0684689	0.0587878	0.0528697	0.0107159	0.2684477	0.2264736	0.21532	0.2645279	0.184038	0.0176587	0.0751146	0.329634	0.1005711
run8	2.0665098	0.6101777	0.5581258	0.5061514	0.470778	0.452327	0.4264603	0.3874914	0.3808002	0.363023	0.2517173	0.2028111	0.1794877	0.164705	0.1351216	0.1251416	0.1186304	0.0649458	0.05653	0.0379086	0.0233326	0.0159075	0.0503677	0.030948	0.0124064	0.0430519	0.1220215	0.0908607	0.073293	0.0540307	0.036964	0.0278581	0.0732338	0.0075623	0.1107387	0.146766	0.1318242	0.1184692	0.0932352	0.0552446	0.0451976	0.0435142	0.0534224	0.033604	0.0188847	0.0256819	0.0841114	0.0579731	0.0192029	0.1343968	0.1240755	0.0617833	0.0469676	0.0411682	0.0360526	0.0080611	0.0503051	0.1226958	0.0819254	0.1079808	0.1886211	0.0865344	0.0802956	0.0761723	0.0712707	0.038904	0.0273668	0.0163007	0.0681958	0.0505616	0.0705294	0.0568166	0.0500566	0.0588141	0.1632657	0.0804264	0.0723977	0.0329467	0.0208406	0.0116105	0.0077949	0.003108	0.0082287	0.0209102	0.0828434	0.0598793	0.2344449	0.0716721	0.0632899	0.0230247	0.1475532	0.2625854	0.2168172	0.1597688	0.1325488	0.1250676	0.083286	0.0777641	0.0646303	0.060891	0.0495543	0.0429337	0.0387093	0.0292337	0.0258306	0.0207324	0.0137581	0.0114712	0.02791	0.0518606	0.036593	0.0277805	0.0082335	0.0310538	0.0094064	0.0957404	0.2906002	0.2737951	0.2646675	0.2133318	0.1998734	0.1247511	0.1742047	0.1856322	0.2038747	0.3444219	0.2031085	0.1558911	0.0598961	0.4348046	0.3652	0.3133505	0.2949796	0.1913297	0.1680246	0.1567384	0.098747	0.0637917	0.0589415	0.0157944	0.0299135	0.0516109	0.1503119	0.1329848	0.1124395	0.0564248	0.0081335	0.0476092	0.2614547	0.2305304	0.1549342	0.076128	0.0689491	0.1647902	0.1002493	0.2725659	0.2530228	0.2189222	0.2036657	0.160293	0.143635	0.0585988	0.1905664	0.1452111	0.1208963	0.1101631	0.2525997	0.2049042	0.1882253	0.1689418	0.1137963	0.1074154	0.0988647	0.0925082	0.0839616	0.0804078	0.0735253	0.0663272	0.0592207	0.013944	0.0100824	0.0109378	0.0094783	0.0051422	0.0770531	0.0678476	0.06251	0.0519774	0.0486107	0.028246	0.0482354	0.1618018	0.0652923	0.053812	0.0388375	0.3487344	0.3215956	0.2809766	0.272607	0.2632201	0.2457922	0.2222659	0.2051527	0.1912103	0.1829745	0.1007851	0.0312258	0.0184399	0.0104377	0.155847	0.0741622	0.0625609	0.1459074	0.1007257	0.1118742	0.1512675	0.0037147	0.1395948	0.1267088	0.0619806	0.0449418	0.0773527	0.1173274	0.0436435	0.2218775	0.1893185	0.1361146	0.1183769	0.1023585	0.0775206	0.0460968	0.1397543	0.0650773	0.128942	0.1802758	0.2291512	0.1821607	0.182183	0.1968959	0.1392892	0.0896725	0.1955982	0.220366	0.2010281	0.0804549	0.0619362	0.0183613	0.0131933	0.0305373	0.3627174	0.3291472	0.1094361	0.0837305	0.069222	0.0588943	0.0531163	0.0107616	0.2685946	0.2264198	0.2156246	0.2655793	0.1844227	0.0173623	0.0757738	0.3413949	0.1046225
run9	2.069501	0.6114343	0.5598655	0.5084664	0.4731911	0.4551549	0.4292896	0.3905469	0.384104	0.3664124	0.2546326	0.2064266	0.1824186	0.1676098	0.1372102	0.1267019	0.1202507	0.0650322	0.0567095	0.0380441	0.0238822	0.0165247	0.0514076	0.031343	0.0125272	0.043903	0.1247009	0.0930238	0.0744399	0.0545621	0.0373902	0.0285641	0.0739986	0.0077711	0.1125288	0.1491306	0.1338238	0.1202998	0.0941339	0.0562301	0.0461798	0.0437876	0.0545058	0.0342107	0.0195379	0.0263078	0.085277	0.0584209	0.019099	0.1364555	0.1257393	0.0625821	0.0479144	0.041952	0.0367461	0.0080482	0.0511039	0.1247114	0.0829457	0.1091174	0.1915221	0.0870374	0.0806483	0.076443	0.0716263	0.0393015	0.0275538	0.0165845	0.0686133	0.050974	0.0707971	0.0571721	0.0503974	0.0593705	0.1660802	0.0826137	0.0745766	0.0334216	0.0211717	0.0118	0.00785	0.0031458	0.0084113	0.0213238	0.0837273	0.060537	0.2371605	0.0723502	0.063763	0.0240824	0.1496836	0.265281	0.2183253	0.161127	0.1346073	0.1271635	0.0842245	0.0788903	0.0656179	0.0616726	0.0504021	0.0437004	0.0394716	0.0298206	0.0263511	0.0211957	0.0138916	0.0116516	0.0281631	0.0521587	0.0369709	0.0279978	0.0081096	0.0314299	0.0096204	0.0970095	0.2921509	0.2746444	0.2655097	0.2141427	0.2002386	0.1245509	0.1753171	0.1862914	0.2042353	0.3472998	0.2048883	0.1570332	0.0597866	0.4375757	0.3678953	0.314812	0.2966471	0.19284	0.1692585	0.1575089	0.0988084	0.0644749	0.0595293	0.016009	0.0299215	0.0521977	0.1522016	0.1343307	0.1139416	0.0567345	0.0081132	0.0477337	0.2631903	0.2320246	0.1547709	0.0767127	0.0695233	0.166163	0.1003319	0.2744281	0.2538314	0.2198769	0.2044945	0.1617003	0.1438054	0.0593898	0.1925359	0.1477273	0.1217772	0.1106578	0.2553049	0.2068509	0.1901455	0.1707093	0.1155666	0.108862	0.0999522	0.0932644	0.0841869	0.0806165	0.074025	0.0671531	0.0594976	0.0142309	0.0101561	0.011186	0.009722	0.005324	0.0770488	0.0677254	0.0626227	0.052782	0.0491957	0.0290111	0.0487525	0.1642623	0.0662449	0.0548327	0.0394593	0.3509946	0.3236241	0.2814988	0.2730781	0.2637445	0.2457859	0.2228273	0.2050183	0.1911466	0.1821664	0.1004887	0.0310703	0.0186557	0.0106151	0.1550636	0.0746033	0.0631003	0.1458045	0.1000784	0.1124527	0.1533377	0.003736	0.1400612	0.1272146	0.0627406	0.045746	0.0780586	0.1181604	0.0443308	0.2225574	0.1888676	0.1365821	0.1193418	0.1034515	0.0782085	0.0467596	0.1396111	0.0650094	0.1291379	0.1794468	0.2301888	0.1825905	0.1842677	0.1987248	0.1408685	0.0902455	0.1967355	0.2213998	0.201671	0.0794929	0.0616137	0.0183298	0.013078	0.0304378	0.3606174	0.3273695	0.1075226	0.0818565	0.0678643	0.0582304	0.0523585	0.0106277	0.2670236	0.2247891	0.2151777	0.2634601	0.1841253	0.0171508	0.0755405	0.3177135	0.0992893
run10	2.0764956	0.6110532	0.5592058	0.5073051	0.4724406	0.4534069	0.4274777	0.3892627	0.3824719	0.3643012	0.2530951	0.204198	0.1810695	0.1656168	0.1354601	0.1253637	0.1183268	0.0645627	0.0565595	0.0377178	0.0233791	0.016184	0.0510553	0.0314685	0.0124881	0.043197	0.1226622	0.0915421	0.0733204	0.0536403	0.0371435	0.0281889	0.0726092	0.0076699	0.1109316	0.1475205	0.1324663	0.1194749	0.0937569	0.0555986	0.0457753	0.0437274	0.0539694	0.0341126	0.0192868	0.0261209	0.084515	0.0579742	0.0191849	0.1351614	0.1246775	0.0623446	0.047538	0.0417839	0.0364432	0.008082	0.0505991	0.1236471	0.0819911	0.1084836	0.1897914	0.0857856	0.0793175	0.0749726	0.0704187	0.0387863	0.0271159	0.0160903	0.0674847	0.0501789	0.0693901	0.0562706	0.0495045	0.0583451	0.164872	0.081591	0.0739082	0.0332725	0.0208327	0.0117508	0.0078127	0.0030698	0.0083595	0.0206842	0.0829457	0.0601561	0.235182	0.0711047	0.063193	0.023432	0.1479644	0.26399	0.2178512	0.1603352	0.1333983	0.1263857	0.0836683	0.0781999	0.064902	0.0612298	0.0500335	0.0433652	0.0390648	0.02968	0.0261478	0.0210351	0.0140413	0.011809	0.0281047	0.0520481	0.0368595	0.0278268	0.0080968	0.0315044	0.0097241	0.0963935	0.2912549	0.2741471	0.2651773	0.2137871	0.200342	0.1251367	0.1743429	0.1858571	0.2037705	0.3453621	0.205159	0.1567356	0.0602289	0.4353836	0.3656373	0.3132105	0.2950621	0.191325	0.1678205	0.156809	0.0986859	0.0641911	0.0594535	0.0155805	0.0296423	0.0512871	0.1509196	0.1330943	0.112314	0.0551505	0.0077959	0.0471296	0.2608968	0.2306191	0.1542002	0.075473	0.0688382	0.1648164	0.0993584	0.2729981	0.2529039	0.219073	0.2031888	0.1608767	0.1436535	0.0587383	0.1914636	0.1451329	0.1223657	0.1109942	0.2536444	0.2056215	0.1892153	0.1698646	0.1149741	0.1083769	0.0993794	0.0929252	0.0838209	0.0802407	0.0732311	0.0659793	0.0582146	0.0139856	0.0099892	0.010962	0.0095271	0.0051599	0.0766303	0.0672035	0.0619874	0.051935	0.0484224	0.0285264	0.0478557	0.1626582	0.0659262	0.054023	0.0389472	0.3499751	0.3220064	0.2802858	0.2722201	0.262635	0.2448385	0.2214447	0.2039418	0.1903097	0.1821472	0.1011453	0.0310199	0.0183221	0.0103428	0.155203	0.0740652	0.0621176	0.1459744	0.1001481	0.1119735	0.1516607	0.0037232	0.1392288	0.1264648	0.0619007	0.0450284	0.0769279	0.1172186	0.0436526	0.2216414	0.1882612	0.1358193	0.1190882	0.1031944	0.0781769	0.0462801	0.1392428	0.0651512	0.1285315	0.1788519	0.2294036	0.1820066	0.1833949	0.1976026	0.1407207	0.0904606	0.1966952	0.2204505	0.2010536	0.0797613	0.061834	0.0183767	0.0131676	0.0304873	0.3616119	0.3275854	0.1067782	0.0815335	0.06718	0.0575754	0.0519569	0.0105991	0.2675423	0.2250168	0.2142661	0.2643099	0.1850239	0.0175249	0.0752028	0.3111639	0.0941756
run11	2.0791508	0.6108074	0.5588937	0.5066007	0.4715135	0.4527372	0.4269173	0.3879301	0.3814524	0.3636208	0.252206	0.2036355	0.1800278	0.1652052	0.1350579	0.1257192	0.1188241	0.0643442	0.0563797	0.0376047	0.0234002	0.0160548	0.050719	0.0309489	0.0126071	0.0428397	0.1227351	0.0916508	0.0736398	0.0538594	0.0372033	0.0280471	0.0728852	0.0075656	0.1111569	0.1473607	0.1325292	0.1192203	0.0935324	0.0557623	0.0457151	0.0434119	0.0538516	0.033793	0.0191005	0.0256124	0.0841925	0.0580587	0.0194446	0.1341289	0.1241232	0.0617894	0.0468484	0.0412951	0.0358272	0.0078341	0.0504915	0.1228043	0.0817504	0.107909	0.1895833	0.0861234	0.0796716	0.0756537	0.0706677	0.0389799	0.0271804	0.0161775	0.0678533	0.0502703	0.0700065	0.0566579	0.0497526	0.058513	0.1640085	0.0814727	0.0733848	0.0324272	0.0207384	0.0116633	0.0076844	0.0029921	0.0082615	0.0206784	0.082935	0.0600407	0.2343911	0.0717418	0.0638832	0.0233352	0.1481324	0.2628882	0.2164651	0.1596597	0.132536	0.1254154	0.0825948	0.0774269	0.0645529	0.0607271	0.0494482	0.042852	0.0385962	0.0291296	0.0258459	0.0208507	0.0137356	0.0115007	0.0278687	0.0517936	0.0367444	0.027717	0.0081283	0.0312831	0.0094723	0.0959837	0.2899365	0.2732884	0.2640739	0.2129481	0.1992981	0.1248819	0.1743554	0.1860576	0.2047064	0.3442266	0.2035094	0.1562363	0.0599698	0.4352274	0.3653063	0.3126989	0.294756	0.1914409	0.1679415	0.156951	0.0983827	0.064192	0.0591001	0.0156177	0.0288867	0.0516075	0.1503408	0.1320969	0.1128477	0.05547	0.0078052	0.0471632	0.2611281	0.2301696	0.1532596	0.0764531	0.0697273	0.1654868	0.0992552	0.2731716	0.2527768	0.2181378	0.2032312	0.160193	0.1433607	0.0586729	0.1912676	0.1467536	0.1221737	0.1116143	0.2526212	0.204329	0.1882137	0.1693499	0.1141586	0.1074192	0.0984903	0.0922869	0.0834202	0.0797184	0.0730902	0.0658412	0.0581854	0.0138801	0.0099288	0.0107065	0.0092924	0.0052592	0.0763614	0.0675271	0.0621811	0.051838	0.0485988	0.0284792	0.0480722	0.1618565	0.0657164	0.0542732	0.0391208	0.3489287	0.3218729	0.2801303	0.2720908	0.2621291	0.2443867	0.2211059	0.2038227	0.1899317	0.1818096	0.100659	0.0308837	0.0183171	0.0103265	0.1543612	0.0736127	0.0622908	0.1450119	0.1001039	0.1111099	0.150592	0.003604	0.1381321	0.1261579	0.0615836	0.0447268	0.0771378	0.1170534	0.0430951	0.2211469	0.1879856	0.1357503	0.1185613	0.1025234	0.0782368	0.0464691	0.1393131	0.0649116	0.1281758	0.1785785	0.2286062	0.1811542	0.1825854	0.1981697	0.141367	0.0902689	0.1960335	0.2212618	0.2011771	0.0801005	0.0620482	0.0182476	0.0132225	0.0305545	0.3629422	0.3298889	0.1090321	0.0836822	0.0684561	0.0589797	0.053305	0.0108526	0.268079	0.2268167	0.2164604	0.2657057	0.1863622	0.0181424	0.0763025	0.3327691	0.1002963
run12	2.0742627	0.6117287	0.5600386	0.5087129	0.4737699	0.4553477	0.4289451	0.3905309	0.3838068	0.3665588	0.2544106	0.2058633	0.1821172	0.1676516	0.1375301	0.1269721	0.1204063	0.0648963	0.0566473	0.0377538	0.0235834	0.0163869	0.0515467	0.0315856	0.012647	0.0437395	0.1241238	0.092634	0.0748004	0.0546896	0.0373845	0.0288117	0.0744013	0.0076783	0.1128743	0.1492566	0.1343586	0.1208874	0.0949945	0.0564643	0.0462429	0.0442163	0.0545792	0.0343308	0.0193342	0.0261721	0.0854342	0.058568	0.0190445	0.1371713	0.126828	0.0630106	0.0474943	0.0417875	0.0366183	0.0082226	0.0508931	0.1248705	0.0830533	0.1101013	0.1909534	0.087032	0.0808817	0.0765594	0.0715575	0.0393147	0.0275199	0.0163555	0.0687199	0.0511026	0.0708421	0.0573685	0.0504125	0.0593694	0.165757	0.0817032	0.0740417	0.0334471	0.0212431	0.0120087	0.0078423	0.0031042	0.0084391	0.0209397	0.0833122	0.0605033	0.2365458	0.0725643	0.0636322	0.0235546	0.1488845	0.26513	0.2188227	0.1607721	0.1335921	0.1261349	0.0830984	0.0779038	0.0644615	0.0606961	0.0495162	0.0428105	0.0386953	0.0291343	0.0258634	0.020879	0.0137699	0.0114467	0.0276632	0.0515518	0.0365229	0.0276852	0.0080894	0.0309737	0.0094234	0.0967223	0.2924629	0.2753934	0.2665473	0.2149383	0.2009736	0.1252007	0.175498	0.1870298	0.2047767	0.3461902	0.2046492	0.1576443	0.0601513	0.4376713	0.3676295	0.3154072	0.2969648	0.1925916	0.1692246	0.1571632	0.0989274	0.0649029	0.0600906	0.0158193	0.0295992	0.0517601	0.1514284	0.1328637	0.1129706	0.0562534	0.0080329	0.047314	0.2629554	0.2319362	0.1552923	0.0766679	0.0697685	0.1662674	0.0995306	0.2751327	0.2544733	0.2209233	0.2046666	0.1612682	0.1446152	0.0593908	0.1915082	0.1465525	0.1230528	0.1112281	0.2548785	0.2068051	0.1903104	0.170719	0.1157738	0.1087505	0.1000805	0.0936144	0.0845881	0.0808262	0.0741599	0.0669843	0.0595035	0.0140428	0.0100827	0.0109941	0.0095193	0.0052122	0.0776182	0.0684242	0.0628537	0.0525824	0.0494232	0.0286682	0.048471	0.1639715	0.0661242	0.0553164	0.0397109	0.3508919	0.3242684	0.2819325	0.2738847	0.264306	0.2466825	0.2232224	0.2053694	0.1917671	0.1830663	0.1018661	0.0316016	0.0183764	0.010662	0.1554852	0.0744275	0.0629548	0.1469836	0.1013361	0.1130591	0.153025	0.0037246	0.1400318	0.1275859	0.0621109	0.0456729	0.0783963	0.117961	0.0443072	0.2229241	0.1893868	0.1366624	0.1200601	0.1030142	0.0782897	0.0464182	0.140801	0.0653997	0.1300591	0.180735	0.2303869	0.1827726	0.1843019	0.1988303	0.141437	0.0906812	0.1978398	0.2208353	0.2021331	0.0810882	0.0630709	0.0184194	0.0133547	0.0309391	0.3634829	0.3295733	0.1081993	0.0824785	0.0678609	0.0583711	0.0529619	0.010715	0.2685932	0.226518	0.2156167	0.2656328	0.1849437	0.0175157	0.0752032	0.3270552	0.1011633
run13	2.0754051	0.610642	0.5592576	0.5078921	0.4721607	0.4537553	0.427519	0.3889095	0.3821883	0.3642821	0.2529911	0.2044036	0.1814279	0.1668398	0.1366639	0.1262921	0.1201633	0.0648556	0.0561509	0.0375242	0.0234494	0.0162232	0.0510855	0.0312279	0.0126513	0.0433264	0.1232396	0.0919226	0.0738939	0.0537498	0.0371605	0.0282687	0.0741047	0.0078229	0.1116838	0.1485324	0.1334957	0.1199051	0.0938692	0.0559601	0.0458813	0.0436347	0.0541671	0.0341221	0.0190886	0.0261935	0.0843396	0.0581985	0.0189271	0.1350837	0.1248384	0.0623985	0.0473538	0.0418153	0.036232	0.0079008	0.050774	0.1233324	0.0818465	0.1084722	0.189499	0.0864431	0.0801091	0.0758137	0.0708927	0.0388568	0.0273726	0.0163322	0.0679945	0.050418	0.0701084	0.056775	0.0499231	0.0587859	0.1647056	0.0814135	0.0733835	0.0326167	0.0204703	0.0114757	0.0077467	0.0029947	0.0082461	0.0209776	0.0831658	0.0602529	0.2364939	0.0716565	0.0633222	0.0234418	0.1485395	0.2641581	0.2171624	0.1608618	0.1327767	0.1258356	0.082954	0.0775754	0.0644206	0.0607599	0.0497932	0.0430374	0.0388803	0.0293905	0.0257459	0.0207669	0.0137555	0.0114289	0.0280477	0.0516452	0.0362992	0.027502	0.0079577	0.0311848	0.009445	0.0960021	0.2904834	0.273599	0.2646427	0.2136465	0.2008623	0.1255742	0.1739092	0.1866539	0.2046552	0.3457888	0.2032331	0.1567559	0.0597991	0.4357949	0.3662689	0.3144841	0.2961412	0.1934861	0.1698605	0.1583357	0.0987332	0.0645977	0.0595769	0.0157355	0.0298873	0.0520907	0.1530688	0.1345778	0.1144568	0.0572236	0.0081869	0.0476159	0.2622942	0.2318506	0.1544976	0.0763729	0.0692317	0.1659052	0.1006356	0.2736243	0.2533551	0.2191031	0.2041427	0.1611186	0.1438542	0.0592661	0.1914454	0.1459367	0.1230256	0.1117993	0.2538403	0.2052645	0.1890502	0.169901	0.1149158	0.1082466	0.0995951	0.0931513	0.0844201	0.0808604	0.0737009	0.0665357	0.0589514	0.0137258	0.009975	0.0110053	0.009586	0.0052343	0.0771535	0.0677409	0.0622106	0.0521451	0.048984	0.0288867	0.0485739	0.1625841	0.0653911	0.0545274	0.0391745	0.3496741	0.3230191	0.2811988	0.2729855	0.2636458	0.2453766	0.2214557	0.2045213	0.1905704	0.1823023	0.1007868	0.0310877	0.0181363	0.0102544	0.1555777	0.0734849	0.0621396	0.146242	0.1010622	0.1125754	0.15241	0.0037674	0.1392665	0.1270807	0.0620837	0.0454276	0.0777102	0.1178678	0.0442165	0.2218034	0.1887541	0.1365113	0.1197378	0.1035692	0.0783717	0.0464819	0.1398003	0.0650072	0.1293684	0.1798139	0.2301289	0.1814595	0.1831061	0.1990553	0.1415619	0.0910246	0.1968169	0.2215053	0.2021667	0.0805932	0.0623951	0.0184896	0.0133113	0.0308011	0.3627262	0.32855	0.1076824	0.0819826	0.0681014	0.0582116	0.0524055	0.0105941	0.2681893	0.2258097	0.2148203	0.2645256	0.1850303	0.0176725	0.0753845	0.3270092	0.0997687
run14	2.072938	0.6114601	0.5595917	0.5077773	0.4729372	0.454199	0.4280245	0.3894692	0.3829842	0.3651696	0.2538768	0.2051219	0.1817797	0.1666853	0.1367366	0.1268611	0.1201209	0.0650264	0.0570937	0.0379262	0.0235094	0.0163933	0.0513641	0.0313374	0.0127028	0.0432566	0.123897	0.0923139	0.0739007	0.0545497	0.0374896	0.0283109	0.0737594	0.0078252	0.1121301	0.1489196	0.1338514	0.1202576	0.0940198	0.0558807	0.0458416	0.0437721	0.0544629	0.0339877	0.01937	0.0263036	0.0845047	0.0583225	0.0192043	0.1362676	0.1257901	0.0625103	0.0475496	0.0418988	0.036451	0.0080625	0.0508069	0.1241338	0.0832478	0.1091278	0.190653	0.0864439	0.0797223	0.0754064	0.0706387	0.0391719	0.02751	0.0163265	0.0677632	0.0506074	0.0700826	0.0566183	0.0500435	0.0587675	0.1654743	0.0821187	0.0743633	0.0331507	0.0211638	0.0118175	0.0078463	0.0031405	0.0084313	0.0207663	0.0834458	0.060314	0.23623	0.0715513	0.0633324	0.0233192	0.1488782	0.2643586	0.2176416	0.1602788	0.1332563	0.1263162	0.0835964	0.0778952	0.064808	0.0611171	0.0498763	0.0432214	0.0389947	0.0293892	0.0258617	0.0208913	0.0138045	0.0115921	0.0278921	0.0519296	0.0367354	0.0279123	0.0082045	0.0313653	0.0094847	0.0969875	0.2916716	0.2749692	0.2661548	0.2143634	0.2002257	0.124362	0.1747869	0.1865664	0.2046358	0.3465392	0.204126	0.156559	0.0593751	0.4366824	0.3667267	0.3142871	0.2963842	0.1930165	0.1693964	0.15822	0.0994263	0.0648807	0.0599139	0.01594	0.0298344	0.0521781	0.1524499	0.1341933	0.1139914	0.0558263	0.0080479	0.0478879	0.2624279	0.2320212	0.1539758	0.0765451	0.0694256	0.1660516	0.1010184	0.2741373	0.2543324	0.220228	0.2050474	0.1616218	0.1439895	0.0591064	0.1913998	0.1468973	0.1227535	0.1113378	0.2540874	0.205184	0.1887135	0.1697615	0.1149301	0.1083171	0.0998622	0.0934711	0.0844535	0.0807759	0.074054	0.0664734	0.0586155	0.0139789	0.0099895	0.0108815	0.0095197	0.0053295	0.0771276	0.0676459	0.0622168	0.052596	0.0491966	0.0287394	0.0487001	0.1634789	0.0657452	0.0547728	0.0393045	0.3507944	0.3241951	0.2822808	0.2740279	0.2647277	0.2471182	0.2228554	0.2055376	0.191042	0.1830443	0.1010586	0.0310696	0.0185255	0.010445	0.1555246	0.0745227	0.0626244	0.1462021	0.1012424	0.1127878	0.1530575	0.0037309	0.13995	0.1275709	0.0620585	0.0452819	0.0781895	0.1178959	0.0441073	0.2227386	0.1898649	0.1365999	0.1195029	0.1034768	0.0785324	0.0468889	0.1403276	0.0655502	0.1298069	0.1805543	0.2310408	0.1825046	0.1838901	0.1992108	0.1423384	0.0913332	0.1962993	0.2221731	0.2023896	0.0814152	0.0628432	0.0185526	0.0132261	0.031059	0.3624389	0.3287252	0.1092319	0.0831687	0.0692755	0.0591174	0.0536451	0.0108793	0.2684253	0.2271667	0.2160776	0.2652203	0.1854019	0.0174731	0.0753339	0.3291473	0.0992437
run15	2.0601537	0.6119409	0.5604024	0.5090428	0.4742234	0.4558173	0.4299741	0.3916936	0.38458	0.3670636	0.2553534	0.2061151	0.1826286	0.1675638	0.136929	0.1268645	0.1203704	0.0655838	0.0571719	0.0382163	0.0237048	0.0163744	0.0520611	0.031417	0.0126632	0.0436652	0.1238904	0.0923878	0.0740149	0.0547203	0.037851	0.0285763	0.0740707	0.0078494	0.1120316	0.1493719	0.134181	0.1206775	0.0940367	0.0563472	0.0461769	0.0442128	0.0542233	0.0340166	0.0191998	0.0265737	0.085186	0.0588502	0.0191936	0.1371067	0.1263925	0.0629494	0.04794	0.0419672	0.0366239	0.0081097	0.0508017	0.1246402	0.083377	0.1098799	0.1915521	0.0880091	0.0814898	0.0769566	0.0720577	0.0395571	0.0275866	0.0165673	0.0691424	0.0514199	0.0713897	0.0575407	0.0508357	0.0596434	0.1663246	0.0819271	0.0740805	0.0329881	0.0209597	0.0118255	0.0077835	0.0030432	0.0083897	0.0210686	0.0836835	0.0608322	0.2377605	0.0722073	0.0642282	0.0236736	0.1501008	0.2657416	0.2190555	0.1616961	0.1342194	0.1270826	0.0838089	0.0788244	0.0651213	0.0617239	0.050229	0.043318	0.0392367	0.0294539	0.025992	0.0211198	0.0138804	0.0115422	0.0281422	0.0522906	0.0370193	0.0279671	0.0081197	0.0314524	0.0097318	0.0967874	0.2934781	0.2766267	0.2673543	0.2156744	0.2012405	0.1253495	0.176017	0.1876842	0.2053734	0.3474256	0.2055928	0.1565836	0.059898	0.4382248	0.3683091	0.3153487	0.2971413	0.1933328	0.1697935	0.1583709	0.0991097	0.0646545	0.05977	0.0158248	0.0299784	0.0513363	0.1523762	0.1337525	0.1134774	0.0566091	0.0082739	0.0478047	0.2630626	0.2328686	0.1555348	0.0770354	0.0699031	0.1662955	0.1014778	0.2747589	0.2546448	0.2201902	0.2050757	0.1617497	0.1449541	0.0590929	0.1918195	0.1465308	0.1219578	0.1110105	0.2556043	0.2064236	0.1904734	0.1716561	0.1159025	0.1091399	0.1005018	0.0938691	0.0846868	0.0812384	0.0747792	0.067239	0.0597762	0.0142262	0.0101751	0.0113613	0.0097927	0.0053602	0.0777367	0.0684069	0.0628861	0.0530896	0.0495211	0.0285041	0.0490127	0.1639041	0.0661644	0.0551094	0.0397132	0.3518873	0.3254014	0.2831033	0.2747867	0.2653208	0.2475137	0.2239188	0.2061485	0.1923929	0.1835892	0.1017453	0.0311051	0.0184917	0.0106002	0.1569998	0.074744	0.0632065	0.1465758	0.1018499	0.1128862	0.1538926	0.0037759	0.1406127	0.1279126	0.0625263	0.0454395	0.079009	0.118248	0.044087	0.223705	0.1901797	0.1377825	0.1203341	0.1037463	0.0790077	0.0473632	0.1407548	0.0655507	0.129638	0.1810514	0.2312665	0.1827643	0.184621	0.1986577	0.1408499	0.0910116	0.1974119	0.2212124	0.2031712	0.0809462	0.0631117	0.0184366	0.0129166	0.0311397	0.3622096	0.3290491	0.1085544	0.0831028	0.0688537	0.058792	0.053322	0.0108146	0.268719	0.226621	0.2162227	0.2660352	0.1856538	0.0172478	0.0762217	0.3332406	0.1024018
run16	2.0753614	0.611017	0.5594222	0.5085214	0.4732549	0.4550618	0.4287601	0.3906508	0.3836833	0.366378	0.2546428	0.206191	0.1823242	0.167486	0.1368815	0.1271	0.1206054	0.0651578	0.0567472	0.037885	0.0238479	0.0160401	0.0519594	0.0311313	0.0126411	0.044312	0.1244981	0.0927279	0.0744679	0.0544415	0.0374749	0.028578	0.0740096	0.007882	0.1118503	0.1490597	0.1341282	0.1208691	0.0944279	0.0561027	0.0462555	0.0442939	0.0544915	0.0340048	0.0193226	0.0264327	0.0852604	0.0587044	0.0191313	0.1366154	0.1260518	0.0626495	0.0477554	0.0418577	0.0367597	0.0083064	0.0514608	0.1245414	0.0833768	0.1096016	0.1914025	0.0881642	0.0812671	0.0770416	0.0722654	0.0397289	0.0277383	0.016664	0.0694112	0.0514299	0.0712065	0.0577292	0.0508329	0.0597174	0.1669829	0.0833571	0.0754603	0.0335232	0.0214837	0.0119784	0.0079233	0.0030948	0.008525	0.0213675	0.0836599	0.0607777	0.237241	0.0726714	0.0641813	0.0238727	0.1498884	0.2661795	0.2189987	0.1609257	0.1334433	0.1263219	0.0832567	0.0780304	0.0647002	0.060888	0.0497306	0.0429022	0.0385611	0.0291381	0.0257122	0.0208479	0.013717	0.0114353	0.0278984	0.0520366	0.0367747	0.0279432	0.008036	0.0313196	0.0096174	0.0967194	0.2924802	0.2754546	0.266613	0.2145098	0.2009049	0.125699	0.1754315	0.1874855	0.2050572	0.3466179	0.204498	0.1561743	0.0603614	0.4372632	0.3676183	0.3155902	0.2974454	0.1929887	0.169212	0.1581189	0.0988605	0.0649117	0.059755	0.0157773	0.0297697	0.0518615	0.1526298	0.1335341	0.1130527	0.0565265	0.007859	0.047729	0.2631135	0.2319149	0.1554286	0.0765323	0.0693086	0.1660253	0.1007725	0.2758357	0.2548638	0.2201376	0.2047427	0.1612882	0.1440391	0.0588129	0.1924406	0.1467384	0.1241123	0.1125212	0.2550905	0.2060202	0.1901547	0.1709339	0.115493	0.1092185	0.100383	0.0939712	0.0850688	0.0813621	0.0746704	0.0671161	0.0591419	0.0140767	0.0099926	0.011195	0.009751	0.0052263	0.0780716	0.0683291	0.0629812	0.0526061	0.0494803	0.028768	0.0488334	0.1633973	0.0659003	0.0549396	0.0393841	0.3512706	0.3237856	0.2821684	0.2736539	0.2642333	0.246302	0.2222293	0.2049522	0.1911088	0.1824723	0.1010947	0.0314055	0.0185448	0.0104097	0.1558899	0.0746282	0.0628196	0.1469308	0.1013365	0.1121334	0.151572	0.0036767	0.139944	0.1271359	0.0622179	0.0454102	0.0784693	0.1184356	0.0442161	0.2224109	0.1893066	0.1364288	0.1193061	0.1033811	0.0788218	0.0465561	0.1403701	0.065164	0.1297756	0.180197	0.2311056	0.182778	0.1842199	0.1999554	0.1405656	0.0907302	0.1963729	0.2213764	0.2037765	0.0816598	0.0634685	0.0185151	0.0133453	0.0315512	0.3623898	0.3286937	0.1077552	0.0825181	0.0682289	0.0587421	0.0528387	0.0106697	0.2681774	0.2258352	0.2149471	0.2650501	0.1848973	0.0176003	0.0754405	0.331419	0.1030487
run17	2.0721655	0.6111889	0.5596009	0.5079726	0.4731647	0.4547129	0.4282297	0.3897167	0.3832491	0.3658877	0.254781	0.2052995	0.1819079	0.1670729	0.13682	0.1265644	0.1201558	0.0650554	0.0563842	0.037889	0.0234833	0.0163614	0.0514591	0.0314511	0.0125918	0.0435003	0.1242868	0.0922655	0.0740687	0.054203	0.0370509	0.0283884	0.0739498	0.0076344	0.1123482	0.1489475	0.1338199	0.1207516	0.0943847	0.056367	0.0461322	0.0442606	0.0543695	0.034177	0.019262	0.0262138	0.0851213	0.0585667	0.0192084	0.1365224	0.1262507	0.0629372	0.0477214	0.0420696	0.0363059	0.0079105	0.0507886	0.1243426	0.0827433	0.1094425	0.1904855	0.0867584	0.0801751	0.0759254	0.071028	0.0389775	0.0274177	0.0164425	0.0682441	0.0505626	0.0702635	0.0569498	0.0502554	0.0589117	0.1656443	0.0824293	0.074713	0.0333055	0.0212669	0.0120417	0.0079651	0.003116	0.0085513	0.0209849	0.0837316	0.0602213	0.2366828	0.072068	0.0635185	0.0235202	0.1484971	0.2647584	0.2182606	0.1609793	0.1332696	0.1260768	0.0835016	0.0780438	0.0646534	0.060909	0.0496915	0.042945	0.0387923	0.0291575	0.0258403	0.0208407	0.0138012	0.0115593	0.0278561	0.0518989	0.0369822	0.0280146	0.0079656	0.0314347	0.0094458	0.096815	0.2918045	0.2754145	0.2663673	0.2145467	0.201238	0.1249393	0.174539	0.1871483	0.2049087	0.3465988	0.2048544	0.1570772	0.0605936	0.4370294	0.3677703	0.3151989	0.2971077	0.1920429	0.1683412	0.1567109	0.0983658	0.0646163	0.0596892	0.0159184	0.0295187	0.0518091	0.1516121	0.1330362	0.1134099	0.0562804	0.0080867	0.0475518	0.262636	0.2316359	0.1535899	0.0767045	0.0693971	0.1655923	0.1006016	0.2740781	0.2540088	0.2200424	0.2044778	0.1609389	0.1447294	0.0590219	0.1919071	0.1452297	0.1218657	0.110227	0.2552599	0.2060807	0.1903118	0.1711143	0.1158721	0.1089712	0.1001567	0.0936622	0.0848224	0.0811596	0.0741622	0.0667542	0.0592637	0.0141491	0.0100837	0.0111046	0.0096351	0.0053014	0.0777981	0.0682618	0.0627962	0.0527883	0.0492737	0.0287579	0.0487071	0.163087	0.0656516	0.0545873	0.0395657	0.351131	0.3239326	0.2828668	0.2744928	0.2650964	0.2475906	0.2236488	0.2062652	0.1916648	0.1834151	0.1014186	0.0312797	0.0183882	0.0105334	0.1564277	0.0745159	0.0628378	0.146058	0.1011794	0.1121875	0.1525429	0.0036842	0.1408247	0.1276692	0.0625307	0.0453183	0.0782524	0.1180526	0.0435031	0.2233191	0.1901525	0.1372249	0.1197066	0.1036108	0.0782624	0.0470266	0.1406422	0.0650677	0.1297598	0.1804429	0.2306897	0.1828906	0.1834418	0.198921	0.1417776	0.0904474	0.1965737	0.2214001	0.2025724	0.0803741	0.0627981	0.0182118	0.0131409	0.0304455	0.3614355	0.3277079	0.1078038	0.0829844	0.068237	0.0583949	0.052735	0.0107471	0.2676073	0.2253805	0.2147712	0.264093	0.1834703	0.0178251	0.074487	0.3164825	0.0987831
run18	2.0717401	0.6113751	0.5596037	0.5078743	0.4728956	0.4540904	0.4277957	0.3890858	0.3824875	0.3649537	0.2535737	0.2049272	0.1811521	0.1664079	0.13655	0.1263413	0.1199782	0.0652997	0.057036	0.0379471	0.0235703	0.0164096	0.0517229	0.0312784	0.012771	0.0440417	0.1235224	0.0924276	0.0743186	0.0541696	0.037113	0.028459	0.0735609	0.007867	0.1118002	0.1481573	0.1334169	0.1198609	0.0940828	0.0563356	0.0459291	0.0438742	0.0545405	0.0343631	0.0192251	0.0262219	0.085048	0.0583998	0.0194061	0.1360254	0.1258557	0.0627541	0.0475442	0.0416441	0.0362904	0.0080723	0.0514186	0.123961	0.0825967	0.1086077	0.1906326	0.0864858	0.0801365	0.0757796	0.0708091	0.0393282	0.0275182	0.0164427	0.0680373	0.0506799	0.070116	0.0570118	0.0501751	0.0587691	0.1658833	0.0814518	0.0738871	0.0331808	0.0209394	0.0117538	0.0077954	0.0030889	0.0084105	0.0209967	0.0833523	0.0601886	0.2360915	0.0718419	0.0634008	0.0234704	0.1491214	0.2643852	0.2181306	0.1606669	0.132977	0.1257548	0.0835923	0.0782403	0.0643764	0.0607805	0.0495385	0.0428801	0.0388116	0.0292016	0.0258782	0.0211069	0.0138689	0.0115656	0.0278939	0.0517201	0.0364093	0.0275278	0.0080417	0.0311442	0.0095049	0.0969843	0.2922098	0.2757878	0.2662528	0.214294	0.2007173	0.1261254	0.1751	0.1867407	0.2042809	0.346319	0.2046566	0.1568791	0.0602807	0.4358515	0.366568	0.3141164	0.2965198	0.1934752	0.1701432	0.1591185	0.1000134	0.0648433	0.0599381	0.0158311	0.029918	0.0517992	0.1523115	0.1340689	0.1142341	0.0565115	0.0080684	0.0484938	0.2627508	0.232016	0.1546336	0.0766346	0.0693804	0.1667325	0.1008554	0.2744453	0.2534369	0.2195641	0.2043229	0.1614714	0.1442659	0.0593681	0.1917118	0.1465847	0.122732	0.1120077	0.2547446	0.205749	0.18974	0.1707493	0.1148704	0.1081559	0.0991871	0.0926796	0.0838737	0.0803593	0.0734293	0.0661692	0.0586182	0.0139806	0.0100794	0.0109817	0.0095387	0.0052738	0.0768164	0.0676629	0.0622361	0.0525048	0.0491213	0.0286143	0.0481841	0.1635695	0.0664524	0.0545434	0.0397926	0.3495443	0.3233983	0.2816032	0.2728581	0.2637136	0.2456185	0.2218515	0.2046257	0.1907646	0.1822923	0.1015644	0.0306746	0.0184041	0.0104081	0.1552927	0.0742438	0.0624398	0.1459933	0.1015255	0.1121229	0.1518046	0.0037291	0.1393241	0.1268467	0.0620211	0.0454076	0.0772057	0.1175498	0.0443739	0.2218476	0.1891901	0.136272	0.1192897	0.10247	0.0780363	0.0464911	0.1403078	0.0651136	0.1289961	0.1799512	0.2300388	0.1822176	0.1835946	0.1972518	0.1406046	0.090205	0.1956478	0.2200105	0.2004467	0.0796508	0.0623992	0.0182411	0.0131373	0.0305913	0.3615402	0.3277088	0.1085707	0.0826028	0.0686899	0.0588309	0.0528602	0.010745	0.2675783	0.2256578	0.2142785	0.2647324	0.1830048	0.0177331	0.0751877	0.3135603	0.0970421
run19	2.0805041	0.6103961	0.5588595	0.5069768	0.4713554	0.4527678	0.4268338	0.3877997	0.3815146	0.3638457	0.2524315	0.2033649	0.1799191	0.1651467	0.13545	0.1254419	0.118964	0.0646228	0.0565445	0.0379845	0.0234568	0.0163205	0.0511321	0.0309399	0.0123639	0.0433035	0.1229572	0.0916421	0.0733542	0.0537855	0.0372221	0.0281627	0.0731909	0.0075573	0.111116	0.1473499	0.1322575	0.1192077	0.0934584	0.0559987	0.0457209	0.0434862	0.05377	0.0337855	0.0190405	0.0258876	0.0842965	0.0580223	0.0191654	0.1348486	0.1247147	0.0621614	0.0469662	0.0415264	0.0362867	0.0079916	0.0505775	0.1228906	0.0816382	0.1085044	0.189226	0.0858782	0.0794331	0.0751147	0.0704771	0.0385953	0.0271132	0.0162137	0.0675597	0.0504311	0.0694868	0.0563774	0.0497044	0.058486	0.1647784	0.0813411	0.0734436	0.0324936	0.0206797	0.011662	0.0077718	0.0030178	0.0083021	0.0206808	0.0823623	0.0597968	0.2349007	0.0710093	0.0628476	0.0235071	0.1476791	0.2625604	0.2168916	0.1596315	0.1322955	0.1254959	0.0830084	0.0775364	0.0646126	0.0607007	0.0495029	0.0427487	0.0386186	0.029207	0.0258042	0.0208951	0.0137562	0.0115401	0.0275825	0.0515397	0.0364662	0.0277242	0.0079959	0.0308762	0.0093583	0.0962799	0.2894904	0.2728188	0.2636918	0.2128923	0.1990817	0.1249591	0.1746693	0.1853217	0.2013408	0.3451127	0.2028394	0.1562124	0.0597682	0.4350999	0.3656398	0.3134476	0.2955688	0.1918814	0.1680416	0.1570569	0.098863	0.0646101	0.0591506	0.0157036	0.0291583	0.0511767	0.1517268	0.1334571	0.1122749	0.0558193	0.0077832	0.0473436	0.2608223	0.2306784	0.1536241	0.0759494	0.0690037	0.16497	0.1002974	0.272376	0.2521904	0.217894	0.2028688	0.1602789	0.1431307	0.0585044	0.1906386	0.1470454	0.1225112	0.1111438	0.2527825	0.2042298	0.1879476	0.1688054	0.1137825	0.1075279	0.0985475	0.0921813	0.0834152	0.0796714	0.0730078	0.0658733	0.0582731	0.0138309	0.0098999	0.0109713	0.009507	0.0051731	0.0766451	0.0673388	0.0620031	0.0519634	0.0485525	0.0285193	0.0481947	0.1613829	0.0651584	0.0537897	0.0388748	0.3493655	0.3222896	0.2801414	0.2714935	0.2622639	0.2442388	0.2207703	0.2032796	0.1897425	0.181652	0.1012023	0.0310932	0.0184857	0.0105389	0.1543538	0.0734178	0.0620947	0.1452049	0.1001214	0.1116051	0.1508786	0.0037142	0.1387698	0.1265644	0.0620264	0.0450333	0.0778293	0.1172857	0.0433725	0.2207143	0.1874671	0.134701	0.1175103	0.1015821	0.0772828	0.0460577	0.1394362	0.0647079	0.1290982	0.1792406	0.2286772	0.1810124	0.1825118	0.1984118	0.1412382	0.0910585	0.1969041	0.2207646	0.2003676	0.0799678	0.0621038	0.0184616	0.0129268	0.0303541	0.3609121	0.3275127	0.1076922	0.0822551	0.0679175	0.0583066	0.0525364	0.0106802	0.2667509	0.2246714	0.2142196	0.2642248	0.1837861	0.0174686	0.0755265	0.3258361	0.0987175
run20	2.0806223	0.6103446	0.5586156	0.5063053	0.4711883	0.4523818	0.4266068	0.3877249	0.3812469	0.3639384	0.2518219	0.2033087	0.1800233	0.1657013	0.1355778	0.1253216	0.1188879	0.0642101	0.0561947	0.0375275	0.0233522	0.0160984	0.0510444	0.0312051	0.0125441	0.0432411	0.1228322	0.0915891	0.0736127	0.0543859	0.0371384	0.0281171	0.0733542	0.007596	0.1115426	0.1474333	0.1322189	0.1193956	0.0938291	0.0559022	0.0458524	0.0435939	0.0538836	0.0340204	0.0189679	0.0258702	0.0844756	0.0580037	0.0192406	0.1357023	0.1253908	0.0617923	0.0466222	0.0411748	0.0358411	0.0079894	0.0511571	0.1235764	0.082273	0.108862	0.1888482	0.0849419	0.0786533	0.0745947	0.0697709	0.0386787	0.0272377	0.0161544	0.0669758	0.04986	0.069061	0.0559269	0.049228	0.05785	0.1640916	0.08065	0.0732022	0.0327013	0.0207031	0.0117036	0.0077651	0.0030471	0.0083083	0.0208483	0.0826868	0.0595711	0.2355663	0.0711366	0.0629569	0.023631	0.1477633	0.2634707	0.2174989	0.159887	0.1328092	0.1255167	0.0830876	0.0777072	0.0643233	0.060834	0.0496171	0.0427405	0.0385343	0.0290181	0.0257253	0.0207729	0.0136693	0.0115205	0.0279284	0.0517641	0.036666	0.027863	0.0079944	0.0313168	0.0094956	0.0966429	0.289996	0.2728673	0.2637728	0.2126457	0.1993857	0.1256391	0.1739322	0.1857215	0.2035665	0.3444934	0.2045628	0.1562106	0.0595541	0.4350605	0.3654505	0.3131403	0.2955184	0.1912796	0.1673836	0.1560758	0.0980246	0.0640292	0.0592507	0.0157955	0.0294505	0.0521117	0.1503936	0.1322082	0.1122847	0.0558808	0.0076295	0.0467029	0.2616485	0.2306148	0.153502	0.0757288	0.0689716	0.1650759	0.1008848	0.2726014	0.2528793	0.2187784	0.2037903	0.1608349	0.1436792	0.0585721	0.1918108	0.1460389	0.1225237	0.1115195	0.252951	0.2044319	0.1884438	0.169659	0.1148248	0.1078143	0.09881	0.0924587	0.0831379	0.0791558	0.0725179	0.065479	0.0580747	0.0137489	0.0098009	0.0108564	0.0094403	0.0051346	0.0762687	0.0669091	0.0616517	0.0519665	0.0484621	0.0282573	0.0482389	0.1616253	0.0652727	0.054327	0.0391896	0.3492884	0.3223492	0.2802484	0.2716886	0.2626789	0.2451135	0.2217898	0.2044679	0.1907538	0.1824311	0.1013281	0.0312635	0.0182676	0.010493	0.1548426	0.0741923	0.0623136	0.1467478	0.1013576	0.112737	0.1517781	0.0037353	0.1390168	0.1270001	0.0617256	0.0454603	0.0777447	0.1176622	0.0433971	0.2213611	0.1880475	0.1362186	0.1184527	0.1025071	0.0778151	0.0464578	0.1391414	0.0648655	0.1287671	0.1799191	0.2297945	0.1814009	0.182918	0.1985889	0.1414849	0.0918011	0.196235	0.2212064	0.200913	0.0801263	0.062223	0.0185351	0.0132825	0.0308147	0.3623154	0.3280976	0.1082016	0.082086	0.0673918	0.0582987	0.0522955	0.0106807	0.2662147	0.2248468	0.2138719	0.264786	0.1837858	0.0176231	0.0746866	0.3095299	0.0929904
run21	2.0704967	0.6118556	0.5596597	0.5079745	0.4725715	0.4542494	0.4282261	0.3894267	0.3827249	0.3649123	0.2536948	0.2050322	0.1808617	0.1663143	0.1365604	0.1267089	0.1201696	0.0653933	0.0572584	0.0380884	0.0237357	0.0161775	0.0516634	0.0312651	0.0128547	0.0436164	0.1239211	0.0925315	0.0735139	0.0545713	0.0374464	0.02825	0.0735849	0.0077782	0.1127357	0.1480613	0.1331539	0.1200894	0.0940134	0.0559608	0.045773	0.043762	0.0542218	0.0339587	0.0191559	0.0260632	0.0848724	0.057915	0.0190206	0.135436	0.1249141	0.0620098	0.046949	0.0411603	0.0357559	0.0079171	0.0506578	0.1234534	0.0823429	0.108653	0.1901215	0.0858519	0.0795134	0.0751892	0.0703975	0.0389027	0.0273466	0.0164595	0.0676219	0.0504379	0.0696905	0.0564137	0.0497633	0.0584067	0.1642799	0.0810832	0.0734042	0.0328401	0.0209515	0.0118086	0.0078604	0.0030936	0.0083517	0.021085	0.0825188	0.0597433	0.2362159	0.0717214	0.0637901	0.023507	0.1480202	0.2640563	0.2175442	0.1606171	0.1330496	0.125697	0.0828766	0.0776933	0.0642698	0.060639	0.0495869	0.0428742	0.0387752	0.0295359	0.0261484	0.0208988	0.0137522	0.0115358	0.0278363	0.0515968	0.0365109	0.0276266	0.0079751	0.0310782	0.00949	0.0965667	0.2910774	0.2742486	0.2654952	0.2142129	0.2008417	0.1255809	0.1752379	0.1863655	0.2039735	0.34612	0.204891	0.1565763	0.0601109	0.4366666	0.3666964	0.3144146	0.2961802	0.1930505	0.1693739	0.1574732	0.0991078	0.0644103	0.0595695	0.0156231	0.0290928	0.0520352	0.1527051	0.1340704	0.1134154	0.0561543	0.0080729	0.0478914	0.2624301	0.2316656	0.1548197	0.0761354	0.0694546	0.1657234	0.1001323	0.2735896	0.2536909	0.2192629	0.2043797	0.1616482	0.1448285	0.0590958	0.1920545	0.1461555	0.1211747	0.1100472	0.2538361	0.2047398	0.1894343	0.169987	0.1149261	0.1084381	0.0994358	0.0931555	0.0840123	0.0803138	0.0739105	0.0662384	0.0587829	0.0141	0.0100866	0.0110009	0.0095649	0.0052056	0.0770082	0.0677718	0.0624033	0.0522486	0.0491578	0.0284263	0.0486058	0.1627005	0.0655014	0.0543926	0.0390648	0.3506409	0.3231201	0.2814045	0.273218	0.2636363	0.2457091	0.2225073	0.2044448	0.1905925	0.1823868	0.1009262	0.0307807	0.0183659	0.0103052	0.1553129	0.0744653	0.0627314	0.1460438	0.1007344	0.111651	0.1516247	0.0037386	0.1393503	0.1269534	0.0619178	0.045334	0.0770187	0.118198	0.043751	0.2221191	0.1891509	0.136279	0.1191517	0.1027286	0.0778843	0.0465596	0.1397812	0.0651725	0.1290805	0.179705	0.2297571	0.1828469	0.1834252	0.1988706	0.1407513	0.0907638	0.1970997	0.2196457	0.2019168	0.0809462	0.0629402	0.0186777	0.0134617	0.0306474	0.3617035	0.328498	0.1086504	0.0828567	0.0684773	0.0588009	0.0529335	0.0107738	0.2680646	0.2258382	0.2155015	0.2643122	0.1837774	0.0175965	0.0746902	0.3270787	0.09656
run22	2.0733565	0.6106404	0.5588474	0.5067306	0.4720343	0.4526125	0.4272963	0.388432	0.3817946	0.3639781	0.2532694	0.2041169	0.1805519	0.1662406	0.1364906	0.1262277	0.1196248	0.0649334	0.0568811	0.0379558	0.0239338	0.016348	0.0515465	0.0312993	0.0127588	0.0435283	0.1234152	0.0923754	0.0744044	0.0544674	0.0374429	0.0281532	0.0743027	0.007785	0.1115361	0.1479068	0.1332789	0.1196639	0.0940247	0.0559212	0.0459497	0.0438417	0.05411	0.034099	0.0193063	0.0260772	0.0851437	0.0582866	0.0192137	0.1353904	0.1252722	0.0622567	0.0469745	0.0412476	0.0359868	0.0079624	0.0510486	0.1239071	0.0821725	0.1088938	0.1901117	0.0866964	0.0804748	0.0764097	0.0714731	0.0391239	0.0274783	0.0162963	0.0684926	0.0507012	0.070537	0.0570106	0.0501614	0.059101	0.1651932	0.0813009	0.0732409	0.0330553	0.0208982	0.0117463	0.0078258	0.0030815	0.0083809	0.0207285	0.0836844	0.0602735	0.2364315	0.0719032	0.0633984	0.0236458	0.1480045	0.26432	0.2177131	0.1603899	0.1335349	0.1262324	0.0836603	0.0782637	0.0649338	0.0612051	0.049718	0.0431531	0.0390373	0.0293488	0.025916	0.021055	0.013876	0.011623	0.0280132	0.0519393	0.0369031	0.0279605	0.0081506	0.0316194	0.0096411	0.0977212	0.2902619	0.2735785	0.2648913	0.213011	0.1995971	0.1258737	0.1741923	0.1870013	0.2033509	0.3457631	0.20378	0.1565557	0.059693	0.4353123	0.3658166	0.314054	0.2962431	0.1924242	0.1689676	0.1574405	0.0992715	0.0643812	0.0596024	0.0159276	0.029817	0.0518524	0.1517984	0.1343313	0.1138072	0.056137	0.0080974	0.0474435	0.2619274	0.2309523	0.1547014	0.0762924	0.0692459	0.1653831	0.1007476	0.2740676	0.2536958	0.2195727	0.2037617	0.1611477	0.1441557	0.0596412	0.1920121	0.1462443	0.1230111	0.1125716	0.2538158	0.2053474	0.1883347	0.1694398	0.1141936	0.1079794	0.0990864	0.0930731	0.0838949	0.0804697	0.0737359	0.0663303	0.0589759	0.0140089	0.0100573	0.0109787	0.0095071	0.0052566	0.0771828	0.0680512	0.0623419	0.0526278	0.0487248	0.0285002	0.0482901	0.162341	0.0656619	0.0543131	0.0389372	0.3495683	0.3228342	0.2807336	0.2725023	0.2631477	0.2451228	0.2214619	0.2039587	0.1900082	0.1820121	0.101104	0.0312294	0.0184578	0.0105414	0.1553064	0.0741365	0.0626171	0.1467074	0.1018092	0.1120653	0.1518877	0.0038085	0.1393309	0.1266211	0.0623285	0.045406	0.0778394	0.1178476	0.0441074	0.2216218	0.1881397	0.1369487	0.119375	0.1033573	0.0781245	0.0470746	0.1394606	0.0644823	0.1286752	0.179108	0.2300427	0.1821626	0.1834532	0.1976878	0.1404284	0.0901519	0.1962926	0.2212657	0.2013972	0.0814257	0.0631853	0.0181045	0.0132193	0.0315188	0.3618528	0.3280331	0.1089679	0.0826392	0.0686398	0.0590046	0.0531409	0.0107174	0.2683348	0.2255916	0.2156837	0.2647816	0.1840767	0.0176834	0.0755206	0.3228177	0.1007729
run23	2.08016394	0.61116114	0.55903578	0.50677164	0.47186124	0.45325876	0.4273329	0.38882752	0.38221432	0.36444474	0.25356428	0.20550902	0.1815989	0.16671804	0.13703216	0.12709218	0.12047886	0.06507522	0.05665082	0.03799898	0.02385708	0.0164027	0.05152402	0.03129148	0.01273486	0.04387418	0.12344732	0.0920909	0.07432748	0.05468274	0.0374915	0.0281036	0.0745399	0.00774232	0.1114124	0.14858112	0.13351064	0.12023058	0.09414142	0.05604934	0.04602998	0.043842	0.0540575	0.03423526	0.01930602	0.02618168	0.08516498	0.05873172	0.01930924	0.13569986	0.12525424	0.06202836	0.04715144	0.04159776	0.03608788	0.00800044	0.05068536	0.1240929	0.08292866	0.1091959	0.19115278	0.08798812	0.08181792	0.07730282	0.07221088	0.03954014	0.02779056	0.01669946	0.06933998	0.05142014	0.07156256	0.057925	0.05099348	0.05988574	0.16492308	0.08338858	0.07559362	0.03365632	0.02142342	0.01212658	0.00792268	0.00311344	0.00859826	0.0211882	0.08409824	0.06063466	0.2362673	0.0719084	0.06371204	0.02370286	0.14976088	0.2642567	0.21821278	0.16100236	0.13360576	0.12635486	0.08414084	0.07874994	0.06539972	0.06172204	0.05034804	0.04360954	0.03935324	0.0298098	0.02631334	0.02129838	0.01383742	0.01155924	0.0281697	0.05255378	0.03723188	0.02820218	0.00813632	0.0315855	0.00970648	0.09693802	0.29207214	0.27512304	0.26613866	0.21453618	0.20108772	0.12483338	0.17531108	0.18637392	0.20476096	0.34578188	0.20516274	0.1564143	0.06018932	0.43589654	0.36594672	0.31436676	0.29653208	0.1923781	0.16886528	0.15739134	0.09879278	0.06473352	0.05984984	0.01594492	0.02980138	0.05165992	0.15135782	0.1329837	0.11272662	0.05561618	0.00793578	0.04764952	0.26221328	0.23225828	0.15547502	0.07734454	0.070139	0.16562388	0.10159918	0.27429846	0.25386636	0.21958802	0.20419254	0.16109044	0.14457814	0.05858892	0.19167956	0.14623032	0.12169436	0.11040002	0.25421592	0.20542312	0.18929796	0.17033368	0.11452548	0.10817146	0.09997406	0.0939566	0.08480542	0.08107704	0.07446212	0.0671535	0.05984498	0.01407578	0.01002514	0.01112782	0.00967666000000001	0.00532562	0.07785002	0.06852792	0.06286046	0.0526956	0.049165	0.02894132	0.04841798	0.16284684	0.06596018	0.05442452	0.03929456	0.34944684	0.3231439	0.2805281	0.27218974	0.2633248	0.2453668	0.22139294	0.20450756	0.19020206	0.18232192	0.1011277	0.0308621	0.01879308	0.0106461	0.15533296	0.07412044	0.06251334	0.14509634	0.09937976	0.1110472	0.15168388	0.00362118	0.13880978	0.1266917	0.06197156	0.04529666	0.07740596	0.1168624	0.0435232	0.2216631	0.18846962	0.13611794	0.11863436	0.10274952	0.07803492	0.0465682	0.13963028	0.0648007	0.1287457	0.1792306	0.22977054	0.18189828	0.1833306	0.19779284	0.14091412	0.09004672	0.19669234	0.2214342	0.2037107	0.08057682	0.06315714	0.01842068	0.01326736	0.0308439	0.36323352	0.32899194	0.10896444	0.08325126	0.06949158	0.0595376	0.05370852	0.01075744	0.27012574	0.22698138	0.21588376	0.26622336	0.185281	0.01739514	0.0765007	0.33033072	0.10304726
run24	2.0698429	0.6111376	0.5596593	0.5075842	0.4724612	0.4539191	0.4279107	0.3894257	0.3829731	0.3656172	0.2545163	0.2053717	0.1819635	0.1673296	0.1374154	0.1272937	0.1208934	0.0652448	0.0570485	0.0381982	0.0236559	0.016496	0.0514967	0.0317063	0.0125369	0.0437141	0.1244547	0.0927845	0.0740754	0.0545038	0.0372745	0.0286101	0.073689	0.0076232	0.1123465	0.1486548	0.1336705	0.1204975	0.0943735	0.0560451	0.0463285	0.043719	0.0541243	0.0342417	0.0192023	0.0260685	0.0845359	0.0582321	0.0193467	0.136509	0.1262899	0.0624633	0.0471109	0.041428	0.0361784	0.0079124	0.0510005	0.1243598	0.0820191	0.1095809	0.1909259	0.0860634	0.0795479	0.0751293	0.0702716	0.0385721	0.0269308	0.01618	0.0674934	0.0500845	0.0696083	0.0564862	0.0498014	0.0579634	0.1652802	0.0813594	0.073124	0.0333298	0.021152	0.0116342	0.0077531	0.0030142	0.0082346	0.0208106	0.0831259	0.0600069	0.2370313	0.0715088	0.0629834	0.0233818	0.1490262	0.2647613	0.2174905	0.1603941	0.133025	0.1260111	0.0831555	0.0776571	0.0644883	0.0606922	0.0498644	0.0430973	0.0388501	0.0294885	0.0261308	0.0210917	0.0138262	0.0115977	0.0278344	0.0517928	0.0365697	0.0278767	0.0080452	0.0313065	0.0096228	0.0960848	0.2913357	0.2746287	0.2658721	0.2143837	0.200105	0.1250597	0.1749951	0.186963	0.2050011	0.346153	0.2040929	0.1575619	0.0597241	0.4361793	0.3665836	0.3142034	0.2961748	0.1925804	0.1695114	0.1581589	0.0990877	0.0644556	0.0596209	0.0157632	0.0296022	0.0520399	0.1521518	0.1338144	0.1138045	0.0566575	0.0082208	0.0474217	0.2622591	0.2314714	0.1542228	0.0762744	0.0692329	0.1655707	0.1006473	0.2743882	0.2541205	0.2195173	0.2041016	0.1610057	0.1437906	0.0587919	0.1917549	0.1462815	0.1220352	0.1108792	0.2542714	0.2054395	0.1896058	0.170271	0.1152432	0.1085908	0.0997755	0.0934275	0.0842932	0.0805007	0.0734567	0.0661802	0.0585388	0.0138291	0.0099101	0.0110073	0.009564	0.0052112	0.0774388	0.0676792	0.0624113	0.0524599	0.0489842	0.028573	0.0492181	0.1628018	0.0656887	0.0549574	0.039195	0.3509856	0.3231572	0.2820581	0.2738959	0.2645216	0.2469094	0.2227935	0.2053438	0.1915698	0.1832983	0.1013422	0.0310108	0.0183364	0.0104369	0.1558637	0.0745051	0.0628077	0.1468079	0.1014214	0.1129348	0.1511593	0.0035989	0.1397982	0.1269531	0.062232	0.0454108	0.0776407	0.1179723	0.0440126	0.2226738	0.1895243	0.1372042	0.1198772	0.1037153	0.0787448	0.0470691	0.1405401	0.0651561	0.1296237	0.1809565	0.230912	0.1820819	0.1835606	0.1985456	0.1415809	0.0908574	0.1968382	0.2205521	0.2020093	0.0800079	0.0624871	0.0182208	0.0131598	0.0303847	0.3621404	0.3281138	0.10692	0.0817868	0.067545	0.0578914	0.0522921	0.0106642	0.2670283	0.2256223	0.2143024	0.263608	0.1834403	0.0176893	0.0751423	0.3144204	0.0962673
run25	2.0695634	0.6105427	0.5589811	0.5069548	0.4710601	0.4526757	0.4266135	0.3880266	0.381416	0.3636954	0.2522272	0.2035864	0.1803599	0.1654566	0.1360142	0.1264228	0.1194343	0.0643901	0.0563945	0.037747	0.0233399	0.0161726	0.051187	0.0312865	0.0126795	0.043409	0.123275	0.0920832	0.0739022	0.0538341	0.037272	0.0281795	0.0732626	0.007586	0.1118593	0.1477592	0.1327547	0.1194178	0.0935297	0.0557128	0.0456921	0.0434646	0.0539076	0.0340828	0.0191135	0.0259595	0.0846687	0.0580684	0.0189433	0.1353103	0.1249657	0.0625017	0.0473287	0.0417791	0.0364508	0.0080299	0.0509603	0.1238562	0.0829189	0.1087848	0.1892466	0.0857553	0.0791535	0.0749586	0.0703536	0.0386828	0.0269366	0.0162684	0.0674327	0.0502312	0.0694766	0.0563726	0.0497214	0.0582298	0.1644866	0.0806349	0.0726618	0.0325533	0.0208178	0.0116376	0.0076284	0.0030615	0.0083209	0.0208501	0.0827652	0.059747	0.2349432	0.0704457	0.0629504	0.0232972	0.1484099	0.2631539	0.2165072	0.1591088	0.1322536	0.1253737	0.0830648	0.0774915	0.0641875	0.0605272	0.0494584	0.0426721	0.0384693	0.0289981	0.0257264	0.0207419	0.0136121	0.0114737	0.027671	0.0512549	0.0363819	0.0275935	0.0080174	0.0309739	0.0093148	0.0963321	0.2898845	0.2729057	0.2643433	0.2122614	0.1993478	0.1251904	0.1734822	0.1856668	0.2034279	0.3448152	0.203023	0.1559303	0.0597565	0.4350026	0.3655341	0.3134552	0.2955269	0.1920192	0.1685081	0.1569824	0.0987408	0.0638313	0.0592521	0.0157302	0.0294176	0.0516334	0.1509055	0.1329953	0.1130579	0.0559273	0.0081027	0.0477183	0.2613896	0.2303376	0.1540926	0.0755193	0.0688871	0.1651119	0.0994058	0.2733881	0.2526364	0.2188008	0.2033924	0.1606003	0.1438978	0.0580559	0.1917752	0.1457423	0.1226054	0.1118549	0.2527688	0.204036	0.1880543	0.1683249	0.1138141	0.1071522	0.0981425	0.0918825	0.0826435	0.0791551	0.0720327	0.0650029	0.0576305	0.013806	0.0099997	0.0107234	0.0092907	0.005105	0.0759819	0.066736	0.0614814	0.0519976	0.0486643	0.0285418	0.0479222	0.1612459	0.0652499	0.054417	0.0391983	0.3487553	0.3217689	0.2798263	0.2716303	0.2623311	0.2444718	0.221047	0.2043371	0.1904475	0.1822224	0.1011138	0.0313163	0.0185923	0.0103956	0.1552633	0.0732685	0.0622501	0.145931	0.1015138	0.1122184	0.151509	0.0036692	0.1385422	0.126505	0.0614079	0.0449579	0.0777606	0.1167065	0.043413	0.2210874	0.1885456	0.1358695	0.1186491	0.1026767	0.078577	0.0463002	0.1393169	0.0650108	0.1292667	0.1795161	0.229266	0.1812093	0.184066	0.1987349	0.1399378	0.0901346	0.1963149	0.219341	0.2015041	0.0798491	0.0619814	0.0183451	0.013042	0.0306926	0.3600825	0.3267486	0.1076225	0.0818285	0.0673181	0.057951	0.0521338	0.0105695	0.2654391	0.2241659	0.2134887	0.262755	0.1827809	0.0175883	0.0739349	0.3083191	0.0935863
run26	2.0816828	0.6111002	0.5598206	0.508404	0.4729843	0.454569	0.428986	0.389706	0.3833134	0.3650464	0.2528999	0.2044122	0.180838	0.1665715	0.1367358	0.1267187	0.1203495	0.0652682	0.05689	0.0376028	0.0237207	0.0163637	0.051709	0.0319211	0.0129083	0.0440721	0.123801	0.0919208	0.0738085	0.0544339	0.0376888	0.0283121	0.0746828	0.007715	0.1123666	0.1486104	0.1334474	0.1199828	0.0939587	0.0563536	0.0459909	0.0438304	0.0541178	0.0339835	0.0192659	0.0259358	0.0851767	0.0584557	0.0192276	0.1360714	0.1253834	0.0623948	0.0475711	0.0415949	0.0361932	0.0079265	0.0514471	0.1240336	0.0823579	0.1094666	0.1897275	0.0858719	0.0794532	0.0753691	0.0704824	0.0389398	0.0274097	0.0162843	0.0677406	0.0503487	0.0698048	0.0565494	0.0498421	0.0587501	0.1644184	0.0823564	0.0743689	0.0332973	0.0210467	0.011921	0.0079732	0.0031681	0.0084252	0.0211419	0.0830404	0.0601485	0.235179	0.0718089	0.0634148	0.0232718	0.1478874	0.2644203	0.218045	0.1602624	0.1328748	0.1259171	0.0828317	0.0773755	0.0644106	0.0606511	0.0494167	0.0429015	0.0386043	0.0289861	0.0258217	0.0207725	0.0137764	0.0114558	0.0275544	0.0516274	0.036304	0.0276848	0.0080646	0.0312472	0.009512	0.0965871	0.2914493	0.2745364	0.2657779	0.2142287	0.2005178	0.1254925	0.1742908	0.1874578	0.2047606	0.3466355	0.204003	0.1569297	0.0603125	0.4370944	0.3670725	0.3149519	0.2972737	0.1938516	0.1702435	0.1582726	0.0999787	0.0649584	0.0599029	0.0159164	0.0301861	0.0524988	0.1525005	0.1349272	0.1143367	0.0568318	0.0081719	0.0478869	0.2629386	0.232135	0.154868	0.0761168	0.0690006	0.1663536	0.1018257	0.2739348	0.2538604	0.2199074	0.2046573	0.1615684	0.1440646	0.0589769	0.1918871	0.1467104	0.1226567	0.1125066	0.254459	0.2057059	0.1899377	0.1713333	0.1161772	0.1095002	0.1003623	0.093922	0.0851286	0.0813758	0.0742608	0.0674501	0.0591766	0.0140482	0.0099921	0.0111444	0.0097181	0.0053024	0.0780371	0.0681041	0.0627074	0.0528853	0.0492084	0.02881	0.0489083	0.1641606	0.0660832	0.054568	0.0393177	0.3515862	0.3245844	0.2826779	0.2745734	0.265219	0.2471699	0.2242304	0.2066318	0.1923866	0.1834902	0.1018437	0.0312997	0.0184935	0.0105755	0.1559698	0.0742804	0.062647	0.1474162	0.1013833	0.1128194	0.1527239	0.0037697	0.1403389	0.1272474	0.062393	0.045694	0.0782888	0.1186508	0.043788	0.2233487	0.1903007	0.1372466	0.1201999	0.1037963	0.0792991	0.0468017	0.1405279	0.0656671	0.1296306	0.1813135	0.2305173	0.1822643	0.1839552	0.1993005	0.1414065	0.091832	0.1964516	0.2212304	0.2010823	0.0807056	0.0628335	0.0184285	0.0132912	0.0309732	0.3616065	0.3280624	0.1083527	0.0829711	0.0682457	0.0583996	0.0528114	0.0105786	0.2676004	0.2265309	0.2155285	0.2648634	0.1851222	0.0174857	0.0756456	0.3248765	0.0987924
run27	2.0650148	0.6106146	0.5591316	0.5067298	0.472175	0.4535123	0.4276916	0.3890477	0.3825644	0.3645307	0.2537102	0.2044731	0.1807708	0.1660544	0.1360412	0.1257293	0.1192069	0.0650034	0.0565798	0.0378204	0.023643	0.0162494	0.0516672	0.031362	0.0126389	0.0433102	0.1232518	0.0923577	0.0741907	0.0543021	0.0374662	0.0285036	0.0741472	0.0078394	0.1119076	0.1479674	0.1330462	0.1194283	0.0935559	0.0557301	0.0459108	0.043565	0.0540235	0.0339847	0.0191299	0.0259935	0.0845123	0.0582884	0.0193001	0.13548	0.125075	0.0622703	0.0475124	0.041956	0.0369121	0.0080075	0.0508764	0.1235021	0.0820364	0.1082672	0.1901018	0.0873997	0.0808363	0.0767524	0.0716308	0.0393228	0.0277055	0.0164217	0.0687389	0.0507026	0.0709179	0.0571608	0.0503511	0.0594396	0.1654109	0.0821125	0.0744907	0.0333113	0.0212559	0.0118261	0.0078348	0.0031168	0.0084675	0.0210618	0.0831737	0.0600726	0.2362667	0.0725709	0.0641188	0.0232225	0.1479954	0.2642362	0.2177765	0.1604746	0.1330905	0.1260602	0.0836174	0.0783911	0.0650741	0.0615909	0.0501885	0.0432443	0.0390474	0.0296137	0.0262695	0.0210906	0.0138407	0.0115102	0.0281704	0.0525353	0.0369154	0.0278082	0.0081168	0.0312422	0.0095425	0.0967555	0.291532	0.2746198	0.2650473	0.2138842	0.2000266	0.1243796	0.174104	0.1859336	0.2046051	0.3455388	0.2038788	0.1563388	0.0594483	0.4362415	0.3663402	0.3135174	0.2953754	0.1916942	0.1681459	0.1565177	0.0982622	0.0644487	0.0595381	0.0157492	0.0295188	0.0514876	0.1521136	0.133073	0.1135892	0.0560978	0.0082487	0.0472888	0.2615111	0.2310096	0.1543042	0.0761602	0.0692259	0.165205	0.1003198	0.2729601	0.2532728	0.2190065	0.2028893	0.1604262	0.1431126	0.0587134	0.1915434	0.1460338	0.1220733	0.1112538	0.253969	0.2057717	0.189604	0.1702083	0.1150972	0.1086496	0.10046	0.0940596	0.0849005	0.0812744	0.0744151	0.0671693	0.0592624	0.0140903	0.0100571	0.0110727	0.0096605	0.0052233	0.0779912	0.0684188	0.0627045	0.0526235	0.0492946	0.0286686	0.0486645	0.1631009	0.0660567	0.0547553	0.0393844	0.3496259	0.3221929	0.2809369	0.2726878	0.2630767	0.2452317	0.221726	0.2038571	0.1899685	0.1820838	0.1011292	0.0310282	0.0181761	0.010476	0.1553673	0.0743248	0.0630088	0.1460022	0.1001606	0.1110359	0.1508537	0.0037377	0.1390209	0.1264544	0.0622162	0.0456319	0.0774961	0.1171094	0.0432887	0.2217456	0.188397	0.1356991	0.1184587	0.1024835	0.0775596	0.0461052	0.13904	0.0648813	0.1282423	0.1794732	0.2293716	0.1818138	0.182825	0.1983761	0.1406787	0.0907013	0.1961181	0.2204516	0.2031092	0.0822258	0.064012	0.018646	0.0131628	0.0313527	0.3612999	0.3285109	0.1084784	0.0825791	0.0682619	0.058549	0.0523958	0.010683	0.2678529	0.2256974	0.2154671	0.2650522	0.1850136	0.0173471	0.0755292	0.3284836	0.1020044
run28	2.0794682	0.6107831	0.5582213	0.5058362	0.4704722	0.451756	0.4258901	0.3872645	0.3807617	0.3628091	0.2521218	0.2033836	0.1801694	0.1652203	0.1354132	0.125082	0.1188293	0.0642053	0.0563844	0.0376721	0.0233667	0.0161987	0.0509856	0.0312538	0.0125348	0.0436453	0.1225531	0.0916153	0.0735184	0.0541189	0.0373361	0.0281194	0.072858	0.0076409	0.1109572	0.1474785	0.1326986	0.1194846	0.0937657	0.0558832	0.0458083	0.0436916	0.0539427	0.033867	0.0190351	0.0257305	0.0837218	0.0578056	0.0191186	0.1349762	0.1247867	0.0624542	0.0474721	0.0416687	0.0364497	0.0082331	0.0510884	0.1236486	0.0819589	0.1083385	0.1888207	0.0855551	0.0789424	0.0744649	0.0697572	0.0383758	0.0270486	0.0161142	0.0672247	0.049895	0.0688981	0.0561835	0.0495612	0.0578907	0.1645618	0.0808135	0.0733583	0.0328537	0.0206364	0.0116438	0.0077731	0.0030568	0.0083801	0.0206098	0.0829053	0.059183	0.2346682	0.0709743	0.0630994	0.0234269	0.1487506	0.2626184	0.2160135	0.1589185	0.1322122	0.1249688	0.0829093	0.0774065	0.0639338	0.0603036	0.0491517	0.0426118	0.0386569	0.0292106	0.0258112	0.0208694	0.0137673	0.0115015	0.027641	0.0513431	0.0363193	0.0273626	0.0080863	0.0310975	0.0093561	0.0958204	0.2894954	0.2732727	0.2645111	0.2131007	0.1995711	0.1248527	0.1737727	0.1858303	0.2034802	0.3447547	0.2039576	0.1560589	0.0599119	0.4341779	0.3649209	0.3125328	0.2947267	0.1924065	0.1688651	0.1577479	0.0988193	0.0642074	0.0593501	0.01574	0.0297528	0.0523625	0.1522629	0.1342793	0.1143896	0.056966	0.0082955	0.047564	0.2609458	0.2302924	0.1545961	0.0753035	0.0686707	0.1652261	0.0994517	0.2722848	0.2522416	0.218352	0.2035116	0.1600982	0.1438431	0.0584306	0.1906524	0.1455126	0.1219504	0.1110351	0.2526988	0.2042074	0.1880378	0.1691699	0.1137465	0.1071312	0.0984962	0.0920555	0.0831388	0.0793929	0.0723506	0.0652872	0.0578678	0.0138103	0.0098501	0.0108932	0.0094716	0.0052025	0.0760599	0.066873	0.0614927	0.0519235	0.0487649	0.0284857	0.0482297	0.1619029	0.0656679	0.0542644	0.039151	0.3494165	0.3225618	0.279722	0.2717374	0.2629092	0.2450143	0.2218613	0.2049768	0.191203	0.182746	0.1009129	0.030846	0.0181569	0.0103232	0.1551418	0.0741449	0.0623233	0.1458307	0.1002606	0.1119125	0.1517403	0.0038082	0.1396085	0.1267947	0.0622279	0.0452355	0.077332	0.1176141	0.044444	0.2217249	0.188679	0.136188	0.1188178	0.1028166	0.0783395	0.0463748	0.1397787	0.0648275	0.1290557	0.1789426	0.2293675	0.1813346	0.1833601	0.1976831	0.1403238	0.0900729	0.1963854	0.2190249	0.20098	0.0789721	0.0615673	0.0181366	0.012896	0.0305676	0.3616771	0.3283557	0.1076971	0.0816973	0.0674374	0.0579499	0.0520782	0.0104985	0.2680378	0.226511	0.2149418	0.2640261	0.1837166	0.0173215	0.0746892	0.3150921	0.0954386
run29	2.0672784	0.6108558	0.559682	0.5077747	0.4728084	0.4543178	0.4284198	0.389838	0.3832193	0.3654491	0.2549932	0.2055262	0.1818342	0.1669025	0.1374198	0.1265573	0.1204752	0.0652151	0.0572001	0.0381651	0.0234931	0.016496	0.0516839	0.0315586	0.0127788	0.0438509	0.1240645	0.0923233	0.0743645	0.0545286	0.03755	0.0285462	0.0742527	0.0078513	0.1124371	0.1485064	0.1335686	0.1198321	0.0942256	0.0559395	0.0460556	0.0439134	0.0545258	0.0343615	0.0193777	0.0262207	0.0851162	0.0585093	0.0189202	0.136318	0.125931	0.0626691	0.0471594	0.0418044	0.0365761	0.0080493	0.0514002	0.1244918	0.0827731	0.109757	0.1911806	0.0877869	0.0812923	0.0769601	0.0718872	0.039125	0.0275609	0.0163326	0.0690526	0.0509897	0.0713111	0.0575913	0.0505207	0.0595385	0.1659817	0.0820359	0.0742176	0.0330305	0.0208416	0.0117302	0.0078932	0.0030752	0.0083724	0.0209472	0.08326	0.0599612	0.2372121	0.0727365	0.0640574	0.0234153	0.14959	0.2654341	0.2190755	0.1612395	0.133609	0.1268269	0.0835223	0.0782002	0.0644929	0.0609197	0.0496463	0.0428559	0.0386295	0.0292265	0.0256282	0.0207635	0.0136728	0.0114056	0.0278453	0.0518787	0.0366396	0.0276655	0.008038	0.031259	0.0094049	0.097701	0.2917072	0.2750314	0.2658719	0.2144185	0.2009636	0.1259714	0.1755731	0.1865747	0.2044263	0.345633	0.2053551	0.1569615	0.060181	0.4364016	0.3668366	0.3142957	0.296311	0.1913024	0.1678467	0.1567182	0.098606	0.0644117	0.059657	0.0156895	0.0296851	0.0516706	0.1510536	0.1326669	0.1132232	0.0559034	0.0080086	0.0471762	0.2624739	0.2320572	0.154455	0.0761005	0.0697801	0.1650269	0.1002502	0.2741612	0.2533695	0.2188211	0.204173	0.1609722	0.1439593	0.059097	0.1922327	0.146368	0.121109	0.1098846	0.2542045	0.2051878	0.1890098	0.1700352	0.1147118	0.1082335	0.0994851	0.0931616	0.0838672	0.080255	0.0734355	0.0661027	0.0586821	0.0139302	0.0099736	0.0108782	0.0095242	0.0051931	0.0770066	0.067924	0.0623521	0.0524662	0.0489028	0.0287453	0.0490892	0.1627539	0.065436	0.0541975	0.0389835	0.3501854	0.3235396	0.2819994	0.2735517	0.2639072	0.2464079	0.2226265	0.2046589	0.1907466	0.1824356	0.102014	0.0316861	0.0187999	0.0106754	0.1554877	0.0744027	0.0627835	0.1461485	0.1012128	0.112848	0.1521069	0.0037672	0.1393089	0.1276133	0.0620484	0.0453291	0.0779561	0.1180085	0.0439224	0.2227127	0.1895412	0.1360777	0.1191497	0.1034272	0.0785555	0.0471984	0.1404672	0.0652962	0.1293331	0.1801408	0.2302416	0.1828583	0.1841702	0.1981024	0.1409874	0.0907381	0.1974647	0.2202723	0.2020274	0.082299	0.0634942	0.018792	0.0136279	0.0309048	0.3616614	0.3280449	0.1080291	0.0830554	0.0688291	0.0588789	0.0529939	0.0106009	0.2679665	0.2258948	0.2147322	0.2647539	0.1840952	0.0173437	0.0747437	0.3293206	0.1006651
run30	2.0789909	0.6108055	0.5590044	0.5073202	0.472492	0.4539506	0.4276891	0.3891088	0.382367	0.3646697	0.2529779	0.204314	0.1805904	0.1656552	0.135465	0.1253714	0.1189219	0.0643792	0.056556	0.0375956	0.0233121	0.0160145	0.0509799	0.0311817	0.0124469	0.0431287	0.1227643	0.091865	0.0741345	0.0546496	0.0374297	0.0282406	0.0736789	0.0076236	0.111372	0.1474789	0.1326135	0.119417	0.0936346	0.0556762	0.045677	0.0434495	0.0535578	0.0335651	0.0190095	0.0258516	0.084096	0.0583373	0.0190148	0.1343766	0.1240351	0.0621845	0.0464805	0.0409582	0.0356261	0.0078593	0.0505939	0.1228659	0.0827686	0.1089818	0.1902353	0.0871941	0.0808029	0.076627	0.0717917	0.0391629	0.0273494	0.0163669	0.068756	0.0509144	0.0707391	0.057119	0.0502778	0.0593774	0.1643816	0.0815544	0.0734574	0.0329297	0.0211766	0.0115952	0.0078204	0.0030596	0.0084109	0.0207698	0.0832919	0.060093	0.236044	0.0718707	0.0632806	0.0231321	0.1476831	0.2639378	0.2168245	0.158768	0.1316948	0.1247589	0.0824995	0.0772552	0.0641323	0.0602866	0.0492207	0.0426952	0.0386872	0.0291488	0.0258176	0.0207064	0.0137689	0.0115437	0.0276841	0.0513737	0.0362546	0.0273897	0.0081476	0.0309836	0.0094373	0.0956273	0.2921931	0.2754806	0.2662086	0.2145359	0.2011099	0.1252663	0.1751365	0.1867387	0.2041251	0.3448298	0.2041733	0.1561699	0.0596987	0.4364381	0.3671287	0.3146084	0.29682	0.1917862	0.1683666	0.1573937	0.0985754	0.0644686	0.0594473	0.0157716	0.0295751	0.0520818	0.1517741	0.1334515	0.1131821	0.0561765	0.0080192	0.0473623	0.2617999	0.2309831	0.1545562	0.0767413	0.0697145	0.1654737	0.10108	0.2744471	0.2541933	0.2199603	0.2039195	0.1614776	0.1443843	0.0591165	0.191669	0.1462946	0.1213863	0.1106769	0.2542989	0.2056537	0.1896275	0.1707357	0.115487	0.1089325	0.100537	0.0943705	0.0854081	0.0813496	0.0745207	0.0675097	0.0594923	0.0141514	0.0099625	0.01096	0.0095272	0.0052096	0.0780287	0.0685379	0.0631648	0.0531133	0.0490791	0.0287702	0.0487279	0.1625945	0.0657831	0.0542909	0.0391907	0.3503327	0.3237932	0.2825929	0.2735127	0.2640133	0.2455711	0.2224324	0.2049957	0.1917335	0.1832301	0.1013324	0.0309646	0.0182229	0.0104829	0.156163	0.0744737	0.0628972	0.1466233	0.1010287	0.1120832	0.1519635	0.0037479	0.1392661	0.1269713	0.062045	0.0448605	0.077224	0.1173375	0.0438165	0.2218676	0.1887913	0.1363137	0.11874	0.1024876	0.0778295	0.0463497	0.1392428	0.0647129	0.1285838	0.179208	0.2294596	0.1819578	0.1825535	0.1982856	0.1413573	0.0910903	0.1961966	0.219963	0.2017596	0.081498	0.0627472	0.0185734	0.0132046	0.0313166	0.3631183	0.3290406	0.1099173	0.0841127	0.0693483	0.0596849	0.0534065	0.0109336	0.2687786	0.2272402	0.2155159	0.2662192	0.1857157	0.0175605	0.0755675	0.343421	0.10545
run31	2.0759181	0.6115886	0.5601002	0.5087665	0.4735581	0.4551095	0.4294803	0.3912653	0.3847405	0.3669483	0.2559195	0.2071651	0.1835751	0.1686657	0.1383634	0.1282156	0.1214233	0.0657788	0.0573005	0.0378751	0.0238916	0.0162608	0.0519551	0.0314463	0.0128576	0.0438847	0.1251397	0.0940463	0.0747751	0.0543094	0.0374366	0.0288299	0.07448	0.0078213	0.1129192	0.149785	0.1344329	0.1214316	0.0953433	0.0562215	0.0460036	0.0443305	0.0546075	0.034605	0.019457	0.0264491	0.0852622	0.0586154	0.0191879	0.1365141	0.1259582	0.0628044	0.0473142	0.0417228	0.0362821	0.0080284	0.0510704	0.1244375	0.0835483	0.1099709	0.1924467	0.0875134	0.0809852	0.0767986	0.0717895	0.0394263	0.0276113	0.0165472	0.0687068	0.0515256	0.0710331	0.0574119	0.0504354	0.0594661	0.1666602	0.0821943	0.0744719	0.0334103	0.0211376	0.0118906	0.0079606	0.0031606	0.0084134	0.021156	0.0841199	0.0605549	0.2378199	0.0724887	0.0639097	0.0239677	0.1485547	0.2664899	0.2196458	0.1613758	0.134553	0.1271596	0.0837352	0.078522	0.0650805	0.0614427	0.0501306	0.0433236	0.0391937	0.0298758	0.0262792	0.0212367	0.013955	0.0118113	0.0281162	0.0523918	0.0370663	0.0280015	0.0081834	0.0316151	0.0096506	0.0978611	0.2935454	0.2761116	0.2666619	0.2155549	0.2015451	0.1258591	0.1748863	0.1881158	0.2047553	0.3477384	0.205141	0.1576005	0.0603814	0.4377247	0.3681112	0.3156888	0.2976346	0.1934104	0.1700217	0.1587696	0.0992813	0.0650541	0.0601562	0.015968	0.0299399	0.0524823	0.1532264	0.1354824	0.1143874	0.0573382	0.0083774	0.0482757	0.2636797	0.2326036	0.1552522	0.0769422	0.069533	0.1668057	0.1013378	0.2755387	0.2548678	0.2203856	0.2050807	0.1618793	0.1446465	0.0592078	0.1929884	0.1468618	0.1240485	0.1129427	0.2557718	0.2067407	0.1906272	0.1711564	0.1158493	0.1092705	0.1002215	0.0939244	0.0847291	0.0811288	0.0740434	0.067094	0.0591511	0.0140952	0.0100485	0.0111223	0.0096113	0.0052617	0.0776149	0.0683528	0.0626849	0.0528846	0.049242	0.0290583	0.0488975	0.1638489	0.0663052	0.0548095	0.0394526	0.3514056	0.3245689	0.2826291	0.274633	0.2649584	0.2471479	0.2233699	0.2057113	0.1918606	0.1837568	0.1015081	0.0313723	0.0185732	0.0105376	0.1562544	0.0746448	0.0631063	0.1479628	0.1019928	0.1130039	0.1528414	0.0037526	0.140016	0.1279619	0.0624851	0.0457105	0.0779647	0.1187343	0.0438661	0.2241219	0.1903501	0.1375713	0.120238	0.1038688	0.0786204	0.0465354	0.1408737	0.0652152	0.1303038	0.1810408	0.2307704	0.1829542	0.1838298	0.1984885	0.1420848	0.0917497	0.1975458	0.2216882	0.2025486	0.0807074	0.062944	0.0185489	0.0133186	0.0309902	0.3623769	0.3285438	0.1082877	0.0828227	0.0686706	0.0588431	0.0531584	0.0108993	0.2691184	0.2261463	0.2153411	0.2660702	0.1860228	0.0177147	0.0760632	0.3248348	0.0999718
run32	2.0799593	0.61131	0.5592849	0.5075548	0.472829	0.4546421	0.4287618	0.3898331	0.3830924	0.3652453	0.2539938	0.2051352	0.1820574	0.1674463	0.137075	0.1270782	0.1205646	0.0651882	0.0566496	0.0380749	0.0237582	0.0163004	0.0516009	0.0312457	0.01268	0.0439596	0.1242567	0.0923879	0.0742964	0.0544883	0.0374563	0.0283998	0.0740254	0.0076777	0.112266	0.148697	0.1337095	0.1200453	0.0941534	0.0558354	0.0460546	0.0437496	0.054447	0.0342052	0.0193315	0.0259495	0.085199	0.0583533	0.0191823	0.1364179	0.1259667	0.0628553	0.0476869	0.0418456	0.0365727	0.0081016	0.0512354	0.1239561	0.0825885	0.1092449	0.1908246	0.0871472	0.0807626	0.0764386	0.0716273	0.0392797	0.0275807	0.0165534	0.0687318	0.0508158	0.0705722	0.0571831	0.05022	0.0594561	0.1653954	0.0812182	0.0740904	0.0329563	0.0210433	0.0117945	0.0078073	0.0030471	0.0083776	0.0208324	0.0837853	0.0606047	0.2362445	0.0715351	0.0636136	0.0232438	0.1488701	0.2645502	0.2185254	0.1605145	0.1328925	0.1260446	0.0834814	0.0783177	0.0651103	0.0611974	0.0500068	0.0431596	0.0391422	0.0293598	0.0261081	0.0210498	0.0137991	0.0116307	0.0279758	0.052085	0.0368174	0.0280362	0.0081204	0.0314691	0.0095517	0.0970377	0.292226	0.2751627	0.2663865	0.2144591	0.2012236	0.1251903	0.1745947	0.1870653	0.2050596	0.3462663	0.2036754	0.156383	0.0601931	0.4369068	0.3671711	0.3145653	0.296658	0.1922638	0.1687667	0.1578608	0.0995119	0.0649428	0.0597662	0.0158739	0.029736	0.0521761	0.1518851	0.1337815	0.1131803	0.0565196	0.0078388	0.0472159	0.2625034	0.231914	0.1549658	0.0760464	0.0690104	0.1661237	0.100754	0.2741369	0.2539355	0.2199138	0.2043024	0.1616488	0.1442763	0.0589843	0.1920086	0.1459394	0.1231378	0.1117309	0.2553183	0.2064161	0.1905051	0.1707358	0.1161399	0.1093151	0.1009521	0.0944621	0.0851754	0.081249	0.0744365	0.0668919	0.0592939	0.0141779	0.0102001	0.0110845	0.0096239	0.0053415	0.0779198	0.0684146	0.0627566	0.0524851	0.0490805	0.0287396	0.0487819	0.1633699	0.0657214	0.0550678	0.0392897	0.351543	0.3242168	0.2829752	0.2744857	0.2648883	0.2466221	0.2232357	0.2052175	0.1915577	0.1833696	0.101886	0.0313302	0.018713	0.0104847	0.1561083	0.0741463	0.0627673	0.1464357	0.1012968	0.1127839	0.1526973	0.0036935	0.1394146	0.12737	0.0625527	0.0453541	0.0780666	0.1177565	0.0441142	0.2227606	0.1898242	0.1364766	0.1187272	0.103319	0.0782445	0.0465126	0.140472	0.0655606	0.1299763	0.1804859	0.2315081	0.1831581	0.1836455	0.1990215	0.1415847	0.0908839	0.1980772	0.2204485	0.2014	0.07982	0.062181	0.0184163	0.0132522	0.0305353	0.3613706	0.3282807	0.1083116	0.0832522	0.0684983	0.0591547	0.0530109	0.0107565	0.267582	0.2259078	0.2151849	0.2637589	0.1847471	0.0179788	0.0755962	0.3235614	0.1017008
