Sum.blengths,Largbr.rel2tree,H-M.dist.TN93,H-M.dist.JC69,H-M.dist.raw
ENSG00000172817,5.79539258485582,7.7015968588384,0.223587881901782,0.22136049449109,0.191683569979716
ENSG00000163803,7.94169599351431,17.9634708520525,0.208066380445766,0.20575407872343,0.179944095038435
ENSG00000109944,6.40062539888362,8.4669035645825,0.207743481262839,0.203214391214362,0.178010471204188
ENSG00000001460,6.41698931930442,9.25434580204529,0.204567303990428,0.200159208616513,0.175675675675676
ENSG00000185480,4.37598457451167,7.21957617151173,0.199882007705406,0.194503907663216,0.171328671328671
ENSG00000082438,5.48038373284797,8.15618991840628,0.199361299888992,0.19606930341392,0.172535211267606
ENSG00000178522,4.56126055522156,8.69044252628381,0.197059012404134,0.195261405861309,0.171912832929782
ENSG00000136169,4.16665721739305,7.46821930034701,0.190216732286212,0.186945779601798,0.165467625899281
ENSG00000160323,6.97900823292488,5.35596783966972,0.188430977772437,0.185350365139014,0.164222873900293
ENSG00000165392,4.94794284669697,5.70864392780348,0.18597224789582,0.182344538176161,0.161870503597122
ENSG00000162994,4.26264781000592,9.59470087831125,0.183239597193593,0.179745736868006,0.15982905982906
ENSG00000134222,5.2570442756747,11.0679438076481,0.182139724387822,0.175830103511629,0.156739811912226
ENSG00000119684,4.82675036757861,7.81527803155577,0.176437917290614,0.173044767190307,0.154532476802284
ENSG00000130413,5.64544841001253,7.6091782839155,0.174232871685154,0.172892743958874,0.154411764705882
ENSG00000112818,5.11818199962291,6.49622151969074,0.172739269797035,0.171400799961815,0.153225806451613
ENSG00000182010,3.90313176288243,5.05795051703207,0.170157138060285,0.167670750528401,0.15025041736227
ENSG00000103534,5.84136982611697,8.62929078607123,0.167541824218371,0.165214526555222,0.148283038501561
ENSG00000059588,5.41141730074663,13.7273040218664,0.167341937893189,0.165681149934293,0.148657289002558
ENSG00000136634,5.32229044508136,11.1609340017957,0.167264362592147,0.165954482533799,0.148876404494382
ENSG00000153820,5.86914703626116,10.3850834857061,0.166231666136474,0.164296434745921,0.147546012269939
ENSG00000188316,5.36153142136517,8.16078000596897,0.164000269788523,0.16212472618847,0.145799011532125
ENSG00000081791,5.87710891067526,18.2282033120167,0.162374097139408,0.160227631094564,0.144268774703557
ENSG00000106066,4.9380090630359,4.31665559045664,0.161343190269815,0.159780521873614,0.14390756302521
ENSG00000138380,3.36080498396375,5.74360220364173,0.158554568870604,0.15681884839392,0.141509433962264
ENSG00000182179,5.60609338907391,7.17387492209375,0.157684852053094,0.155749410888955,0.140641158221303
ENSG00000107554,5.13525094689616,9.09337247254942,0.153716778447804,0.151961750709219,0.137555982085733
ENSG00000183346,5.04895586462434,5.92114058827332,0.152921355128439,0.151304731988292,0.137019230769231
ENSG00000149292,6.81948218762221,15.9766049226288,0.151905242271215,0.150094636070596,0.136029411764706
ENSG00000103569,5.33872396187764,12.2285656269789,0.151430020215368,0.150716727254136,0.136538461538462
ENSG00000144736,5.82824245553885,9.17413398322095,0.149296316570844,0.14820010275899,0.134476534296029
ENSG00000145390,4.90465772058216,7.52119172170897,0.148679030234024,0.147002431810992,0.133492822966507
ENSG00000250305,6.6688401482512,10.2181804845759,0.147561277111917,0.145897962323046,0.132584269662921
ENSG00000112297,5.38919989526543,11.4808585653707,0.134870555609601,0.133707976831046,0.122467222884386
ENSG00000107447,4.63673769835082,6.554849429065,0.134316410255007,0.133206204256392,0.122047244094488
ENSG00000225830,4.94853064351317,5.52638414663799,0.133837139312333,0.13236916307782,0.121346023113528
ENSG00000089091,4.80402352046553,5.46803217223243,0.133812820060003,0.132161304698051,0.121171770972037
ENSG00000011465,4.21185579712631,4.29295466280816,0.133535391783384,0.13292652246887,0.121813031161473
ENSG00000165325,4.0541047332427,12.0728432585269,0.129795452957805,0.127625195732742,0.117357001972387
ENSG00000070601,4.93087812798476,5.01565735380482,0.129455704409326,0.127900964218305,0.117589576547231
ENSG00000171681,4.61946899850281,22.0901583496599,0.128991758200774,0.127701078519196,0.117421007685739
ENSG00000074771,4.61101048098329,5.35885844001805,0.128542783979677,0.127293876831202,0.117077464788732
ENSG00000158006,4.15858875562412,8.73108341353805,0.128180417675934,0.126807247532951,0.116666666666667
ENSG00000109686,4.64503696508592,15.0558847375034,0.127035045237836,0.125232955386124,0.115335868187579
ENSG00000134759,4.20147231413133,7.57847400734467,0.126840106502564,0.125124284813621,0.115243902439024
ENSG00000149201,5.89279029611132,11.6410453846792,0.126353109942801,0.125081124791741,0.115207373271889
ENSG00000106100,5.28204009183981,6.08666525722273,0.126094897228558,0.124860969213553,0.115021008403361
ENSG00000166046,4.2432391591986,6.37368338162676,0.12528962265461,0.123797413923505,0.114119922630561
ENSG00000144468,4.99443515992256,5.8291609514926,0.125271732068975,0.124422507844916,0.114649681528662
ENSG00000178075,4.12984275539137,8.71781964295865,0.124692683080841,0.122405370577979,0.112938596491228
ENSG00000171714,4.41548511400689,7.19899520578499,0.124391576050309,0.124124668226935,0.114397321428571
ENSG00000143036,4.94576015571489,6.65427140020529,0.122826020712836,0.121257921910207,0.111963190184049
ENSG00000165891,5.29262458194227,7.66020859722985,0.121857154288386,0.120112234841822,0.110987791342952
ENSG00000125255,5.03304480056017,5.4977809503066,0.120911723941666,0.119694979287299,0.110632183908046
ENSG00000116906,4.47421869444931,14.0738919067133,0.120742396742097,0.119680064451014,0.110619469026549
ENSG00000148702,5.45972094478581,6.28640432056577,0.120157116058135,0.119248499296187,0.110251450676983
ENSG00000152457,4.41200152713744,8.27015349045291,0.120057085343133,0.119298520972266,0.110294117647059
ENSG00000168813,4.57999010938532,5.10756755111377,0.118866576328316,0.117481005854783,0.108742004264392
ENSG00000170734,3.90994584945899,9.19135550059328,0.117778007870982,0.11669448085812,0.10806916426513
ENSG00000162944,5.0129051191425,10.3812406805181,0.117373442495612,0.115947756584325,0.107429718875502
ENSG00000087303,5.70703706100975,8.36103302023023,0.117140826424528,0.116531339849265,0.107929515418502
ENSG00000146918,4.62922450471583,6.1553542477707,0.116412863935048,0.114981399598552,0.106601248884924
ENSG00000184445,4.64316697436177,6.29542325038877,0.115810970234348,0.114287218469874,0.106005459508644
ENSG00000135837,3.61366129196924,10.8799237210525,0.115344896886524,0.113870472277175,0.105647517039922
ENSG00000138434,3.83057237160453,7.35212263058845,0.115203058299601,0.114012155473969,0.105769230769231
ENSG00000163629,3.70485246046723,5.69519425618321,0.114310720691013,0.11329798306641,0.105155482815057
ENSG00000143119,4.41066575548066,10.2083610504199,0.114223731513907,0.113143715503627,0.105022831050228
ENSG00000178104,5.27323142104657,17.3878210132265,0.113807288513183,0.112753087769994,0.104686815593517
ENSG00000172673,4.03231399740141,7.01565175824757,0.112258832731858,0.111444464849685,0.103559870550162
ENSG00000163832,5.80609639127194,13.0120553760891,0.11116157916432,0.109062749893878,0.101503759398496
ENSG00000107771,3.80185870378126,7.19127827595142,0.110500132928965,0.109350684587052,0.101752677702045
ENSG00000198780,3.65276588160634,8.19882434336694,0.110491246919427,0.109932819597026,0.102255639097744
ENSG00000064703,3.84377413963078,10.8971977787172,0.110415768887112,0.109712828155372,0.102065613608748
ENSG00000081800,3.97728341034765,7.93955381302712,0.110370284685826,0.10946543446731,0.101851851851852
ENSG00000163687,5.45280919245133,7.9176453489574,0.109599920424242,0.107325632730505,0.1
ENSG00000156463,4.76523636977575,9.0215420764797,0.109388137165829,0.108435921608331,0.100961538461538
ENSG00000054983,5.44478903768661,10.3291176285795,0.108782047522405,0.108338462053909,0.100877192982456
ENSG00000196865,3.84381349097324,5.51827228283266,0.108550921506015,0.107325632730505,0.1
ENSG00000083782,3.4767849863019,5.89359004903322,0.107874214442483,0.106609300297826,0.0993788819875776
ENSG00000053108,5.91080451620343,5.36517738600629,0.106766134414784,0.105133650167377,0.0980975029726516
ENSG00000086570,5.49689314473674,12.2394956986635,0.106292805325048,0.10525856665402,0.0982060717571297
ENSG00000036565,4.00398105059515,6.15334373732053,0.106242105417975,0.10489343720275,0.0978886756238004
ENSG00000112414,4.21384499713415,6.80787488200903,0.105937299055505,0.105047200123645,0.0980223559759243
ENSG00000064309,5.03933981570501,9.67199567626621,0.105178348853892,0.104101802160344,0.0972
ENSG00000172497,4.81204344463931,6.37612722508504,0.104684606366352,0.104213595070396,0.0972972972972973
ENSG00000165309,5.78300749606812,10.7609521645607,0.103669503273795,0.102874981295442,0.0961313012895662
ENSG00000163072,3.89516515327148,7.86641445075556,0.103589034671749,0.102552166093966,0.0958498023715415
ENSG00000171557,4.46470461038239,5.19536496899713,0.102207604622233,0.101358807761515,0.0948081264108352
ENSG00000163946,3.01680421548323,6.34275279201765,0.102101644183354,0.10129363865351,0.0947511929107021
ENSG00000135775,4.47579338335385,10.3954111719307,0.101851206760547,0.101029688098235,0.0945205479452055
ENSG00000065060,3.87919023546393,11.3935840838217,0.101649701569361,0.10079999942533,0.0943197755960729
ENSG00000151332,2.82414860060297,7.02751049826838,0.101409353900596,0.100253285757578,0.093841642228739
ENSG00000174606,3.30054966411319,9.47140099234305,0.100998824269364,0.100148544468392,0.09375
ENSG00000185585,5.19417250298128,5.21999114717071,0.100832971663893,0.100370405141508,0.093944099378882
ENSG00000204928,4.15761029430197,18.6384950218105,0.100243400833387,0.0994259314439977,0.0931174089068826
ENSG00000087263,3.67078624999929,5.59131313182532,0.100057597458504,0.098437266850136,0.0922509225092251
ENSG00000115109,3.61076353941825,7.19786686574909,0.0994350509372091,0.0988269582233425,0.0925925925925926
ENSG00000163297,4.6035759625007,16.3452909677886,0.0986310399588957,0.09789154607536,0.0917721518987342
ENSG00000173588,3.13296667640417,4.84791755908301,0.0986285246294916,0.0970583052386269,0.0910404624277457
ENSG00000077935,3.95732039247479,7.17348997443357,0.0979313467185258,0.0967411540158448,0.0907617504051864
ENSG00000028203,3.89643178708063,6.23820027567725,0.097741781467733,0.096975542402876,0.0909677419354839
ENSG00000116044,3.82339380574751,18.6108406441876,0.0975562484880356,0.0967349561105302,0.0907563025210084
ENSG00000067704,4.41148503035976,5.69601194480234,0.0973413680146524,0.0964484876299251,0.0905044510385757
ENSG00000111602,4.29446953666751,9.08849653089769,0.0971700011670286,0.096210738584625,0.090295358649789
ENSG00000080986,3.37000481896784,6.96304127826719,0.0961442286801804,0.0953795820046668,0.0895638629283489
ENSG00000163482,4.2730771267211,19.5754005420512,0.0959872191305997,0.0947093259540849,0.0889733840304183
ENSG00000138207,5.08748026278021,7.1533311258112,0.0955056057299877,0.095366381613935,0.0895522388059701
ENSG00000164830,3.34523842394005,7.66839441998346,0.0951096266938244,0.0944956691150837,0.088785046728972
ENSG00000164930,4.06920726909102,7.84776867185553,0.0948748052693683,0.0938249428773929,0.0881934566145093
ENSG00000187676,5.65387234245348,7.69781946430947,0.0940188262558351,0.0930991975012817,0.0875527426160338
ENSG00000203705,3.77883875810785,7.08703725049033,0.0927120012487639,0.0921523138700729,0.0867158671586716
ENSG00000073737,4.1735998426969,6.77626296243768,0.0925993856813097,0.0915770226006749,0.0862068965517241
ENSG00000156414,5.42437050337301,7.92808673101958,0.0925171341808254,0.0916759150058815,0.0862944162436548
ENSG00000164953,3.36365364755161,6.63558707758377,0.0920690499582,0.0915573852373172,0.0861895161290323
ENSG00000164695,4.54484928362571,14.26185823219,0.091788410549257,0.0915770226006749,0.0862068965517241
ENSG00000104312,3.50867076186453,7.65827629324241,0.0911173747609069,0.0904469827747486,0.0852059925093633
ENSG00000136141,3.68012060171041,5.74216157928653,0.0909043204158558,0.0902987947667752,0.0850746268656716
ENSG00000124151,3.72204391960334,8.25002135501038,0.0905953563841428,0.0900388065795971,0.0848440899202321
ENSG00000204952,3.18161479300704,5.93570678839509,0.0905813559174733,0.0893773545681033,0.0842572062084257
ENSG00000115232,4.13759173499878,9.39620557427682,0.090122575612669,0.089520314056079,0.0843840931134821
ENSG00000116771,5.18675229164134,4.59100084196456,0.0898876216573384,0.0894475656201133,0.0843195266272189
ENSG00000165813,3.19227174026537,6.0240314424564,0.0896593327532774,0.0885461031392931,0.0835189309576837
ENSG00000092978,4.16911934774494,5.45244859924638,0.0895011523533338,0.0890532672501256,0.083969465648855
ENSG00000136936,3.84468708588159,12.1576363139505,0.0893694641773653,0.0883372767422876,0.0833333333333333
ENSG00000112365,5.25718312753771,22.9700563011106,0.089195407357627,0.0877777839897465,0.0828358208955224
ENSG00000172197,3.98886545990455,10.7516093452025,0.0891479354377653,0.0883372767422876,0.0833333333333333
ENSG00000006062,4.86944822682096,7.1624422642223,0.088825892553027,0.0882359322383836,0.0832432432432432
ENSG00000134200,3.32707454153801,8.59206957186256,0.0886253014333538,0.0883372767422876,0.0833333333333333
ENSG00000214013,3.78548968857985,14.143049963897,0.08790510535131,0.0870035782853684,0.0821467688937568
ENSG00000103494,3.44777175175061,7.21980952651112,0.087631656327107,0.086780105783978,0.0819477434679335
ENSG00000104361,4.62425869120859,8.72646491906319,0.0876162265164435,0.0868506558392942,0.082010582010582
ENSG00000169085,5.25543403770498,7.44608522096392,0.0872143914751561,0.0869393266637405,0.082089552238806
ENSG00000141052,5.63521710022218,13.8338460646546,0.0871890888121767,0.0865924136055299,0.0817805383022774
ENSG00000127325,4.83906406621501,5.90613000901984,0.0871799531711884,0.0864788940131323,0.0816793893129771
ENSG00000139263,4.47569904576736,6.9629202837924,0.0870662639600958,0.0864881219335385,0.0816876122082585
ENSG00000154553,4.65378912319374,14.2596693876699,0.0870159219999913,0.0867711872193911,0.0819397993311037
ENSG00000059691,4.61845896546335,5.11566951097581,0.0869675054944769,0.0864881219335385,0.0816876122082585
ENSG00000180488,4.22446363795059,5.51371438204001,0.0869480440475225,0.0864646165933472,0.0816666666666667
ENSG00000125246,4.02704554833088,9.26623379957725,0.0868880610735116,0.086121617819214,0.0813609467455621
ENSG00000176148,5.07364467335651,6.1259782877822,0.0867679676192479,0.0861084489504195,0.0813492063492064
ENSG00000187257,2.87373244190516,4.8272025563188,0.0865852008036026,0.0862255906921648,0.081453634085213
ENSG00000171824,4.89029719057228,10.2933931810122,0.086538215307371,0.0861159931215414,0.0813559322033898
ENSG00000139734,3.48738989891074,7.45368550435293,0.0865362065056796,0.0861602069988165,0.0813953488372093
ENSG00000120800,4.50013576298967,6.08182382848251,0.0865179911349697,0.085709595843901,0.0809935205183585
ENSG00000135919,4.66469432978566,4.75003318036263,0.0864808374574267,0.0852736432600141,0.0806045340050378
ENSG00000156802,3.50166842571407,8.40353182194616,0.086339598395074,0.0859868277727285,0.0812407680945347
ENSG00000213619,3.55381537511657,8.37572639713144,0.0855613217038486,0.0851114653177446,0.0804597701149425
ENSG00000096093,4.46840829518334,7.76197734854126,0.0854722139913251,0.0851215243980766,0.08046875
ENSG00000143669,4.15196019862201,10.4879709774751,0.0854607183870542,0.0848036721957469,0.0801849405548217
ENSG00000122025,5.05028961611576,10.4310013764695,0.0849330510358632,0.0841140764357424,0.0795687885010267
ENSG00000146282,3.00962348175523,6.28176742770408,0.0848344068675645,0.0841319605703962,0.0795847750865052
ENSG00000164761,4.92084059562718,11.512538295124,0.0837168955440978,0.0831986705304612,0.07875
ENSG00000122482,2.68417553633403,9.55141760687411,0.0828738467166674,0.0821899977397245,0.0778466305189775
ENSG00000128052,4.40636414788337,11.9420980153529,0.0825671225918129,0.0821500979354171,0.0778108711839166
ENSG00000148459,3.6621750819507,4.97498326556176,0.0824570719979511,0.0823279996015342,0.077970297029703
ENSG00000091490,4.29991350764079,5.57388152400024,0.0822623602712363,0.0816529611654443,0.0773651635720601
ENSG00000197893,4.39444802497244,5.91643634921072,0.0820692798121039,0.0815821782973574,0.0773016792125072
ENSG00000151929,5.58210203101639,7.43468103942498,0.082021806910048,0.0812360456664434,0.0769911504424779
ENSG00000178904,3.82109027071657,7.04936180721493,0.0819379894951424,0.0810404853436982,0.0768156424581006
ENSG00000136770,4.53398001986416,10.4518632664567,0.0815245745625471,0.081078870037072,0.0768500948766603
ENSG00000163808,3.99341791486589,5.55322882850871,0.0813165295379182,0.0806656082372177,0.0764790764790765
ENSG00000095464,4.75696118335483,19.7452682561069,0.0812649465795884,0.0807097229856356,0.076518691588785
ENSG00000082269,2.77949595483567,5.22673372491292,0.0812451244222372,0.0805600284054709,0.0763842561707805
ENSG00000142920,4.44523087661351,7.31114256373504,0.0811963892854693,0.0804135947521252,0.0762527233115468
ENSG00000152779,3.52474483119837,12.7142967211192,0.080883721638636,0.0802788722800547,0.0761316872427984
ENSG00000172071,3.92990752904088,5.30775359651428,0.0807296956522901,0.0801080216236244,0.0759781619654231
ENSG00000059728,3.84570669500049,15.4533485968563,0.0805562845120915,0.0794010008088842,0.0753424657534247
ENSG00000198087,3.174463321778,7.11671562398321,0.0803816014870406,0.0794129541430678,0.0753532182103611
ENSG00000115290,2.47945250499198,6.02597167414335,0.0802599064088858,0.0796425352651513,0.0755597014925373
ENSG00000122335,3.90074964599149,4.98811741717657,0.0800845760571941,0.0797853026689289,0.0756880733944954
ENSG00000115295,4.73126023103916,4.70055002100208,0.0799352990888611,0.079574564210923,0.0754985754985755
ENSG00000095370,6.10312161628572,10.5195783031785,0.0795374750222007,0.0789553362207564,0.0749414519906323
ENSG00000120725,5.37767245386721,23.4671357523413,0.0793470507047835,0.0788396420744627,0.0748373101952278
ENSG00000123607,3.21995802752563,6.32046978187953,0.0791228029898603,0.0784924779442106,0.0745247148288973
ENSG00000132561,4.7942458159745,7.66308722376205,0.0791219361579955,0.0783663774268864,0.0744111349036403
ENSG00000170962,3.94938774228452,7.22670415022607,0.0785109168315665,0.0782700114931821,0.0743243243243243
ENSG00000079335,4.07848371755845,7.32453842992235,0.0783517532100956,0.0781676294030634,0.0742320819112628
ENSG00000140009,4.50253719968768,11.3692739287307,0.0781911992464912,0.0774497055410336,0.0735849056603774
ENSG00000173239,4.0189252594431,7.73467653259033,0.0779351873847133,0.0773109093661245,0.0734597156398104
ENSG00000171988,2.78229677823856,6.03986025507171,0.0774420305096265,0.0768782343478319,0.0730693069306931
ENSG00000129460,3.25170299919215,9.31668048648094,0.0773056893614484,0.0768190350015477,0.073015873015873
ENSG00000135048,3.70107910271432,4.75333969398564,0.0770525955852873,0.0764338661543854,0.0726681127982646
ENSG00000151690,5.65149751994311,20.4811415715425,0.0768637477150838,0.0763711434377107,0.0726114649681529
ENSG00000116874,5.1100657659102,10.1441761677863,0.0764913646089066,0.0759403002788797,0.0722222222222222
ENSG00000082397,4.25602065073342,5.2140223205651,0.0756588758728715,0.0753278615460623,0.0716685330347144
ENSG00000137393,4.13208293564252,11.21847824748,0.0754128817450549,0.0750625939177369,0.0714285714285714
ENSG00000139767,5.23759035623966,10.8008816262128,0.0752896316350627,0.0750625939177369,0.0714285714285714
ENSG00000153233,3.69637337255762,10.0515083330179,0.074975837467952,0.0744611021860831,0.0708841463414634
ENSG00000186417,5.4816034669386,21.9547522815405,0.0743347780774187,0.0737671325074652,0.0702554744525547
ENSG00000112214,5.01443690137787,27.3550240020364,0.0741645777815052,0.0739514826034047,0.0704225352112676
ENSG00000150722,2.44745662171046,9.54424596258593,0.0740115455997183,0.0728728113402358,0.0694444444444444
ENSG00000058804,5.34008266186608,26.7859461642677,0.0739737137368544,0.0734196578828729,0.0699404761904762
ENSG00000155158,3.97677241466792,6.89965105462299,0.0738837100506637,0.0735212335533386,0.0700325732899023
ENSG00000139209,4.05771252815015,16.9970397994873,0.0736630010051321,0.0729007938045614,0.0694698354661792
ENSG00000120254,4.8695608324251,7.607058820448,0.0731894633788539,0.0728728113402358,0.0694444444444444
ENSG00000140694,3.30444626215276,7.01443070641125,0.0731764445374378,0.0724061566660024,0.0690208667736758
ENSG00000134775,4.7267905430295,10.1521371903301,0.0730221128751755,0.0724539828801855,0.0690642902609803
ENSG00000141424,3.32603460571796,8.70200464726581,0.0728598623787804,0.0723451996406717,0.0689655172413793
ENSG00000138593,3.65271212580479,17.0768003357974,0.0721167849143276,0.0717352026279828,0.0684113865932048
ENSG00000147647,4.3111691203564,5.89373748324974,0.0720587375301612,0.0717235213174953,0.0684007707129094
ENSG00000111859,4.90536173438506,7.23035856047908,0.0720216637482418,0.0717527915470454,0.0684273709483793
ENSG00000110066,5.52518857840733,16.7938510491187,0.0719595692737796,0.0714826348532437,0.0681818181818182
ENSG00000146809,3.6227297113848,7.16160884235937,0.0716090624837807,0.0710110850106114,0.0677530017152659
ENSG00000094975,3.58732688770246,6.90549048103316,0.07149120879037,0.0708812163028561,0.0676348547717842
ENSG00000113615,2.87586169156299,7.10179711878659,0.0714911779342641,0.0709989199058088,0.067741935483871
ENSG00000061936,4.83868509580913,5.2311955783239,0.0714232228095582,0.0710271923009148,0.0677676537585421
ENSG00000164318,5.35393017661378,11.5114731023543,0.0710170370560742,0.0705736480574025,0.0673549655850541
ENSG00000275066,3.32286027476028,10.7741026149352,0.0709649553722287,0.0706240955968984,0.0674008810572687
ENSG00000117597,4.87725667820394,9.82406431863887,0.0708891450026027,0.0704513867698979,0.0672436750998668
ENSG00000112874,2.95448647873899,6.46970543266762,0.0707641901174374,0.0702931024865176,0.0670995670995671
ENSG00000169499,3.73610178306401,9.07113266154894,0.0706275784371423,0.0704220643253452,0.0672169811320755
ENSG00000140563,4.08820592313544,5.7523560491846,0.0703329020154522,0.069776149475392,0.066628701594533
ENSG00000185002,3.75351981509129,13.8946443087689,0.0700659716226036,0.0698574987894259,0.066702819956616
ENSG00000100983,4.06349009822062,24.9309990640576,0.0699394047118096,0.0695863000882247,0.0664556962025316
ENSG00000101605,4.01925016811158,8.48532401463731,0.0697450578805488,0.0695294496049683,0.0664038811400849
ENSG00000064989,4.55912725206503,16.0507047640937,0.0697053903981889,0.0694202556681484,0.066304347826087
ENSG00000136111,3.73040191751376,4.95604182487964,0.0696360541458323,0.0693127467686165,0.0662063363119415
ENSG00000083857,6.47873029017275,23.4374095729034,0.0696199311500781,0.0691481423662302,0.066056245912361
ENSG00000147606,3.57027048405992,5.401119864007,0.0692244395298434,0.0687442090396326,0.0656877897990726
ENSG00000134987,3.3163799244216,8.81187442526993,0.0689736426733707,0.0681492960329256,0.0651447661469933
ENSG00000186104,3.25614507541744,12.3151727565862,0.0682326199123407,0.0678487379887525,0.0648702594810379
ENSG00000118514,4.90734654278706,6.14167278174318,0.0682231985711944,0.0676423806872622,0.0646817248459959
ENSG00000057657,4.52519901731494,7.96428664321645,0.0680345951055713,0.0675041679103543,0.0645554202192448
ENSG00000139737,3.9065875583323,9.95408038078102,0.067448805099674,0.0672091190172654,0.0642857142857143
ENSG00000160688,5.84429950200204,15.9183443446626,0.0674001908824872,0.0672091190172654,0.0642857142857143
ENSG00000115183,4.60035487018297,6.83656747569066,0.0671427478815384,0.06672940985614,0.0638469827586207
ENSG00000174099,4.50773389553972,6.11364925488381,0.0665056423743989,0.0652585327422224,0.0625
ENSG00000116747,3.46612220882044,10.3590030011197,0.0664538206752251,0.0660193104913103,0.0631970260223048
ENSG00000188158,3.84800260717734,15.6631343024315,0.0661154578676173,0.0657213528741571,0.0629241209130167
ENSG00000139324,2.54888878686002,9.93817180448452,0.0659619254590129,0.0652585327422224,0.0625
ENSG00000120910,3.36314810881804,4.21586863869943,0.0657457528627561,0.0656669182682397,0.062874251497006
ENSG00000103671,2.86259935931939,6.30698429480901,0.0654543730595176,0.0649053422482923,0.0621761658031088
ENSG00000090432,4.50298808961937,6.8585273361839,0.0653696190086994,0.0652585327422224,0.0625
ENSG00000154736,4.67705081383262,16.2673789192188,0.0653683744296225,0.0650369560997125,0.062296858071506
ENSG00000125885,2.95442943718828,6.39890311264218,0.0648514771264804,0.0645150996729241,0.0618181818181818
ENSG00000074527,4.1221807305366,9.99248415983059,0.0643237493400163,0.0639568257333628,0.0613057324840764
ENSG00000138308,7.01100612088772,51.6082372498391,0.0643204599360449,0.0642103145422439,0.0615384615384615
ENSG00000144452,3.47039911550297,8.37980684402211,0.0642316000581874,0.0637869134894109,0.0611496913580247
ENSG00000147576,3.45458085537895,4.72903916577281,0.0640767041813903,0.0639400442690488,0.0612903225806452
ENSG00000132305,4.31490629469314,11.8967828015433,0.0638306302305589,0.0634569464807889,0.0608465608465608
ENSG00000134247,6.07085673960977,16.7526907949334,0.0637483103951812,0.0634765991525707,0.0608646188850967
ENSG00000138315,4.43552714438875,5.297155529005,0.0635316928198551,0.0631347701837845,0.0605504587155963
ENSG00000115616,4.32774463895455,5.58901830681002,0.0633209029984278,0.0629111129855266,0.0603448275862069
ENSG00000148516,3.73288850528261,8.43469192376741,0.0629715399163578,0.062714579941216,0.0601640838650866
ENSG00000177034,3.46342346935764,8.98325400032107,0.062954783409707,0.0622764214574928,0.0597609561752988
ENSG00000131747,3.06224913481837,12.4276101097517,0.062230450156016,0.0619760550064127,0.0594844679444812
ENSG00000170836,2.81009910723205,12.4447396140015,0.0621870519230952,0.0620621808723332,0.0595637583892617
ENSG00000106524,3.89353493301612,6.31818184691909,0.0619816410751964,0.0615487147907281,0.0590909090909091
ENSG00000125703,2.83132811226022,7.87035343833353,0.0617605392772909,0.0613979025586298,0.0589519650655022
ENSG00000172399,3.29315093204796,6.30362957060693,0.0617484708563262,0.0611376432539918,0.0587121212121212
ENSG00000165338,2.23091016760112,6.33506809383844,0.061734374592736,0.0612172906814547,0.0587855297157623
ENSG00000111049,3.13737126300006,6.04551557581184,0.0615527533974385,0.0612585232607003,0.0588235294117647
ENSG00000130347,3.58557020968245,9.30862101232971,0.0608906447828962,0.060453024310972,0.0580808080808081
ENSG00000154556,5.68530821976628,19.2634760809078,0.0605655996207079,0.0602944612137591,0.0579345088161209
ENSG00000115221,3.56327315486705,6.53447247194956,0.0604087289013376,0.0601644016056698,0.0578144853875477
ENSG00000077943,4.19935394191298,11.439623915059,0.0604002881343697,0.0602674726029499,0.057909604519774
ENSG00000103316,3.70215220546096,6.18139964511726,0.0601542919259028,0.0598323768207908,0.0575079872204473
ENSG00000111058,3.3326081410396,6.04815402124007,0.0600495524241011,0.0596644737764652,0.0573529411764706
ENSG00000155886,3.43442246079626,8.93456459014482,0.0600152794681132,0.0597732762243814,0.0574534161490683
ENSG00000040199,3.28523818452257,6.11377635948768,0.059972821682901,0.0594956064732864,0.0571969696969697
ENSG00000078098,2.46898541220821,7.36482653309438,0.0597332349239645,0.0595387719409242,0.0572368421052632
ENSG00000128829,3.99872742347042,11.9752256842537,0.059464001588034,0.0591080813669112,0.056838905775076
ENSG00000165097,4.36944963054076,12.1966135301568,0.0585036244708348,0.0583332757820132,0.0561224489795918
ENSG00000101577,4.23767049947672,7.68016253379796,0.0583460604935088,0.0581912531320637,0.0559910414333707
ENSG00000196141,5.49582831416585,21.0068392301373,0.0583343696663846,0.0580399977115652,0.0558510638297872
ENSG00000128881,2.98423018685944,9.00386822760081,0.058233287385054,0.0579146669773924,0.055735056542811
ENSG00000132837,3.65652625183905,6.16847213572435,0.0581464474379686,0.058002855040932,0.0558166862514689
ENSG00000168077,4.25635763742495,5.79905162538873,0.0577429539134491,0.0574238099513641,0.0552805280528053
ENSG00000112280,3.5247078945143,6.22501560331562,0.057726379575477,0.0575253665727208,0.0553745928338762
ENSG00000103319,5.01249277835916,4.81992096668236,0.0576972998424002,0.0573893623756472,0.0552486187845304
ENSG00000198954,3.56296441173057,11.1725398912042,0.0575334115034291,0.0573312716249565,0.0551948051948052
ENSG00000120708,4.06509426307281,5.67988548545842,0.0573661617679634,0.0571923327062244,0.0550660792951542
ENSG00000009830,3.46744213309848,5.04414198736009,0.0571299112150706,0.0567613947283111,0.0546666666666667
ENSG00000198542,4.10222368163121,4.66881888140487,0.0571151051841207,0.0567497498053032,0.0546558704453441
ENSG00000125630,4.22503433435908,6.32656691285548,0.0569707374403918,0.0567170475192158,0.054625550660793
ENSG00000112851,2.59351859259532,14.5894066793628,0.056677863817274,0.0563178385163025,0.0542553191489362
ENSG00000155304,3.26626971384212,8.72935891066176,0.056435888778501,0.0561936741906207,0.054140127388535
ENSG00000146374,3.08566120425155,20.0956789752733,0.0562953929302789,0.0555100202240894,0.0535055350553506
ENSG00000155636,2.39038051624505,9.7019192671593,0.0561090507462038,0.0559469815625712,0.0539112050739958
ENSG00000120798,3.92396239239991,26.1293854579302,0.0558690453078771,0.0554830359222041,0.0534804753820034
ENSG00000114988,3.18691601076884,12.8723975673731,0.0555733551914145,0.055203999966867,0.0532212885154062
ENSG00000119927,3.88726200368795,5.08475078003987,0.0554826308924695,0.0551857711957891,0.0532043530834341
ENSG00000115947,2.37194511608895,8.76054994963575,0.0553903719106758,0.0550925966798011,0.0531177829099307
ENSG00000110422,2.78095025004003,7.15600336118944,0.0551942188875516,0.0548547274849974,0.052896725440806
ENSG00000119125,3.61887523572073,4.92612598507828,0.0550869184836812,0.0548189130040021,0.052863436123348
ENSG00000177054,3.03101101195741,6.0340444826686,0.0546543574605711,0.0541601146402452,0.0522508038585209
ENSG00000005483,3.09714193532606,5.63233134718347,0.0539086022267931,0.0537443070341759,0.0518638573743922
ENSG00000172575,7.17285386825954,55.1004525647869,0.0535619144987941,0.0534311845710106,0.0515723270440252
ENSG00000070882,4.25583933412484,5.94638257635983,0.0533593504747292,0.0532594996159673,0.0514124293785311
ENSG00000118402,3.122753508377,7.79965258292504,0.0533448129396997,0.0531195394264593,0.0512820512820513
ENSG00000139687,2.38452949920765,6.69461086925177,0.0533205040357152,0.0529698104354349,0.0511425462459195
ENSG00000138686,2.84633235353105,5.03392378105275,0.053179629421055,0.0528693726462879,0.051048951048951
ENSG00000116991,4.75604753230059,14.889911820403,0.0531462294937415,0.0530234794849245,0.0511925538103549
ENSG00000119596,2.99653838521109,16.1434485328863,0.0531101579257568,0.0528077296259436,0.0509915014164306
ENSG00000147408,4.41973297683298,4.22470934517074,0.052864059195169,0.0527561170186837,0.0509433962264151
ENSG00000103479,2.79532532799216,9.78245063536582,0.0527574924645628,0.0525488925038964,0.0507502206531333
ENSG00000157450,3.09538725754881,20.9311581397552,0.052552625693567,0.0523407303779219,0.0505561172901921
ENSG00000136874,2.63247519906323,14.6653102604423,0.0522059964780627,0.0519238436769906,0.0501672240802676
ENSG00000146122,4.48688416882508,17.0376091554273,0.0517985277050062,0.051493186722665,0.0497652582159624
ENSG00000118058,3.47765891981192,19.0004412866559,0.051779165872924,0.0515549962618195,0.0498229640870005
ENSG00000198650,3.66055036287069,9.6397908071223,0.0517681494280821,0.051389959827567,0.0496688741721854
ENSG00000102531,2.15491212366255,4.81285737838137,0.0517422242966305,0.0513869998173057,0.0496661101836394
ENSG00000132965,4.8969027183253,8.64478039037473,0.0516042222802917,0.0514119856124207,0.0496894409937888
ENSG00000134851,4.58418307164785,12.4167923313643,0.0515988959849242,0.0512472511431301,0.0495356037151703
ENSG00000075035,7.17689518972252,25.2940485039199,0.0515700222426682,0.0514592473835712,0.0497335701598579
ENSG00000072682,3.74211742416627,7.77258943837534,0.0515560665152749,0.0512441530961389,0.0495327102803738
ENSG00000143514,4.83263905143083,3.57495430532488,0.051386151622151,0.051130228776993,0.0494263018534863
ENSG00000168938,4.44955658129153,15.3057997728125,0.0513195340641067,0.0512394329831079,0.0495283018867925
ENSG00000145860,2.98174116857072,6.08711108809158,0.0509510744930081,0.0506949683493961,0.0490196078431373
ENSG00000080839,3.20015735144707,21.6727309535351,0.050907519506031,0.0505864299989896,0.0489181561618062
ENSG00000156304,3.95042151938364,9.84081601856723,0.05067879430148,0.0504976110563752,0.0488351254480287
ENSG00000137573,4.65768878221413,20.4994036271796,0.0501222541011423,0.0498782071936398,0.0482558139534884
ENSG00000139436,3.4095577480838,9.74888241720745,0.0499561228305687,0.0497005754738419,0.0480895915678524
ENSG00000151617,2.97632337513969,4.82946741593383,0.0498913171589837,0.049614860151915,0.0480093676814988
ENSG00000118407,3.84912507301168,9.8205862649706,0.0497734254187107,0.0494497242030785,0.0478547854785479
ENSG00000145730,3.69156374951742,13.4801149438019,0.0497641847262314,0.0496976638150261,0.0480868665977249
ENSG00000179520,3.6658562830793,5.88974631369855,0.0493588101373723,0.0491979618643599,0.0476190476190476
ENSG00000141627,4.25621792347411,26.6761827850117,0.0492068808380501,0.0487033518274104,0.0471556886227545
ENSG00000147650,3.77062518187209,5.32514838255285,0.0488823823298913,0.0487536227317469,0.0472027972027972
ENSG00000182158,4.64538147205396,8.60358658834584,0.0488291611647071,0.0486603449503942,0.0471153846153846
ENSG00000152990,4.80842562498032,4.09917711156529,0.0486525001982727,0.04849370890757,0.0469591993841416
ENSG00000078687,3.74741748929573,7.26572802249571,0.0484789911457833,0.0482451774889209,0.0467261904761905
ENSG00000180998,3.24578622341672,14.2022713682266,0.0480937565537958,0.0478103015859447,0.0463182897862233
ENSG00000087274,4.22907066964134,6.16478783613457,0.0480302488324039,0.0478137507022811,0.0463215258855586
ENSG00000120053,3.78537489225653,5.72937073790801,0.0476257249222401,0.0474762968328585,0.0460048426150121
ENSG00000104154,2.86575407498612,8.52677472356931,0.0473145509264028,0.0470033302220818,0.0455607476635514
ENSG00000137177,4.66769679238695,8.49651850122266,0.0472404567354974,0.0470568511116645,0.0456110154905336
ENSG00000025434,3.50175881291832,6.45921205808983,0.0469284327743206,0.0467777480448436,0.0453488372093023
ENSG00000171408,2.98565611052594,4.61822043839758,0.0468784551570296,0.0467747942946639,0.045346062052506
ENSG00000166068,2.69950055889905,24.3548064786257,0.0467679333549258,0.0465626614407507,0.0451467268623025
ENSG00000162819,3.01334757627773,4.41132044832012,0.046731440803459,0.0464194948684444,0.0450121654501217
ENSG00000204262,3.20618489293183,14.867037995263,0.0467073434741832,0.0465353473498488,0.0451210564930301
ENSG00000140479,5.45852879191569,12.8991170697706,0.0466248549147366,0.0464344022529308,0.0450261780104712
ENSG00000198336,4.23769841463765,12.0169920438563,0.0463286228874355,0.0458776093543068,0.0445026178010471
ENSG00000143437,2.79368736967955,16.3472900061452,0.0460952823946932,0.0460267097822191,0.0446428571428571
ENSG00000196091,3.51976393964163,5.49271210710557,0.0459535471874236,0.0458578022752556,0.0444839857651246
ENSG00000112379,5.11204067838321,9.71069867206039,0.0457879669369166,0.045641456790956,0.044280442804428
ENSG00000080815,3.47618537539831,18.6845841768206,0.0455568764215422,0.0453343581813698,0.0439914163090129
ENSG00000123983,3.32820634607225,9.99329135881474,0.0453173271339704,0.0450779430522791,0.04375
ENSG00000106105,3.67163160004617,11.8496806630782,0.0452980073126192,0.0451425636065787,0.0438108484005563
ENSG00000111144,3.88325908705229,8.85629956792725,0.0451463280916679,0.0446761272697698,0.0433715220949263
ENSG00000175175,2.66852610650855,17.0891164494049,0.044869375159358,0.0447268046973557,0.0434192672998643
ENSG00000133056,4.0256028562623,9.33755411494299,0.044682242654817,0.0444925390938473,0.0431985294117647
ENSG00000116675,8.41720498333559,53.970868005825,0.0446441293669413,0.0445250495513829,0.0432291666666667
ENSG00000071073,3.15056928403268,13.9039030000845,0.0446035691880063,0.0442719913318202,0.0429906542056075
ENSG00000141699,3.85688525307999,27.361311183417,0.0445442723240619,0.0441954057984773,0.0429184549356223
ENSG00000115252,3.3918950106314,10.0164081299616,0.0444938313553103,0.0444084360084285,0.0431192660550459
ENSG00000168434,4.74678578299795,7.00256558262822,0.0444608660200893,0.0441894859882269,0.0429128738621586
ENSG00000124228,3.94434988650205,7.07808438033786,0.0443361821315046,0.0442104401369068,0.0429326287978864
ENSG00000119913,3.89485321521582,7.03791039590452,0.0440051018585535,0.0438080716173109,0.0425531914893617
ENSG00000012504,4.11068285871795,5.28488018484452,0.0435941291897325,0.0434136705564859,0.0421810699588477
ENSG00000116266,2.43170879857024,5.70798251069644,0.0430107394312183,0.0426448963612808,0.0414551607445008
ENSG00000143799,4.85491602357081,6.59191551854888,0.0428568232860059,0.0426510845967968,0.0414610069101678
ENSG00000134313,4.00625816949665,5.29478482268941,0.0426888753861355,0.0424202904822127,0.0412429378531073
ENSG00000164122,4.20613403062678,12.6391102578064,0.0425291507238666,0.0421986289396033,0.0410334346504559
ENSG00000112234,2.98689634174703,15.3184324646467,0.0423610727808126,0.0422296965790368,0.0410628019323672
ENSG00000143952,1.63947617223093,6.32851760933052,0.0423356727913414,0.0421015468859356,0.0409416581371546
ENSG00000138738,3.51155617102875,6.91086156668638,0.0422662238068778,0.0420590738337203,0.0409015025041736
ENSG00000138032,2.46831252971887,14.5162593911004,0.0422359613691537,0.0420368635392471,0.0408805031446541
ENSG00000100697,3.77363005280878,8.75315528840046,0.0422076718020762,0.0420772535782538,0.0409186906019007
ENSG00000023318,1.94330338054576,9.0950703778359,0.0420421483568722,0.0417829552605044,0.0406403940886699
ENSG00000185722,3.91821740495511,7.95756439791701,0.0416283433540393,0.0413230788151526,0.0402053036783576
ENSG00000112837,3.48470231126785,8.75748091714313,0.0415652541277419,0.0414891323997588,0.0403624382207578
ENSG00000189184,7.43992472902098,44.8107921777156,0.0413075460992852,0.0412366008130148,0.0401234567901235
ENSG00000198785,2.72664664603305,5.84891786517606,0.0412419436742554,0.0410492852008459,0.0399461400359066
ENSG00000168234,3.41990800739121,12.3786879639874,0.0410626691556015,0.0408143272812245,0.0397236614853195
ENSG00000122707,3.27323416970929,8.97930281191775,0.0408421493779484,0.0407363870566114,0.0396498455200824
ENSG00000115020,2.80557455495989,9.91770201728201,0.0408372902788865,0.0406829552288571,0.0395992366412214
ENSG00000123612,3.14327354765779,6.15339535716407,0.0406936695462934,0.0406349372803446,0.039553752535497
ENSG00000110395,3.1385792375618,8.34357237908916,0.040593581034205,0.0404733450576918,0.0394006659267481
ENSG00000138735,3.43198566280513,4.95008529723585,0.0405352742362694,0.0403738150378473,0.0393063583815029
ENSG00000122884,2.27061366625427,4.76219922132387,0.0405204412304321,0.040394377254547,0.0393258426966292
ENSG00000111713,4.41419180996124,16.8276120342274,0.0403159977445607,0.0401751344837809,0.0391180654338549
ENSG00000084073,3.25088996102088,29.1396566441695,0.0401759312966576,0.039995066056914,0.0389473684210526
ENSG00000116194,3.37070055197777,9.81143024736707,0.0401175753480217,0.0398138163392346,0.0387755102040816
ENSG00000115977,3.70705003812023,26.7323510048471,0.039988222124213,0.0399146660748088,0.0388711395101171
ENSG00000112175,2.76140764997914,10.722781934459,0.0397601592396723,0.0395721017751829,0.0385462555066079
ENSG00000099250,3.70856839062527,4.85293518736973,0.0397454400085059,0.0395708412000077,0.0385450597176982
ENSG00000138190,2.18356607361033,9.8894714090544,0.0397379069170046,0.0394308934076993,0.0384122919334187
ENSG00000165646,4.03572471988803,5.33154384294778,0.039636045144672,0.0393235221734626,0.0383104125736739
ENSG00000188487,4.60928889950078,11.8045839946244,0.0396260679345628,0.03955900800927,0.0385338345864662
ENSG00000155561,3.23074354342911,5.75481728332607,0.0393396399387018,0.0392195960404755,0.0382117882117882
ENSG00000007202,2.57768823378417,7.14668310910281,0.0392292903011419,0.0390473969911247,0.0380483437779767
ENSG00000084110,3.67050367112611,7.10352603776053,0.0391975366483007,0.0390509856589729,0.0380517503805175
ENSG00000143153,3.78307057207294,10.1600005420498,0.0391475759777634,0.0389478023205382,0.037953795379538
ENSG00000141576,4.30949965679213,9.38376811614375,0.0391266832535822,0.0388806564503948,0.037890044576523
ENSG00000167723,9.70747015630448,47.2548944293158,0.0390371456389024,0.0389192370026393,0.0379266750948167
ENSG00000146416,3.29634563320825,6.0355672043519,0.0389661761777308,0.0385864213770315,0.0376106194690266
ENSG00000113569,2.4802632644696,7.75657363481076,0.0385058484264428,0.0383753156507632,0.037410071942446
ENSG00000135334,2.08257664041834,9.06802564175874,0.0384477378773451,0.0382736100093344,0.0373134328358209
ENSG00000143469,3.93686429948818,12.613021191115,0.0382327524842259,0.0381001613230921,0.03714859437751
ENSG00000164161,3.32673545341252,6.02745658764622,0.0382299700560381,0.0380941251300788,0.0371428571428571
ENSG00000168538,4.17178761787925,22.2826221913596,0.0381470482424509,0.0380171879037133,0.0370697263901147
ENSG00000174607,3.48770955436443,6.0756600654356,0.0380574461041339,0.0379107863635728,0.0369685767097967
ENSG00000164187,2.11087318047039,7.07093032357997,0.0379466209204772,0.0376740941147499,0.0367435158501441
ENSG00000123737,2.81686227676135,7.46613743182169,0.0378564478284804,0.03771415091414,0.0367816091954023
ENSG00000120733,2.88377460489244,30.2392124168309,0.0377142024994664,0.0376391696937776,0.0367103016505407
ENSG00000112305,2.87711754545671,8.52519696343482,0.0375432338935443,0.0374492765611568,0.0365296803652968
ENSG00000018510,2.28644932798077,6.85531506296284,0.0374563835302788,0.0373488181731032,0.0364341085271318
ENSG00000181827,3.26328860041213,15.1727646298537,0.0374052065602872,0.037281771388371,0.0363703159441587
ENSG00000108506,2.20705366091413,5.9361624282749,0.0371919049715698,0.0368435012026697,0.0359531772575251
ENSG00000113319,3.57100532503159,4.8820580500154,0.0371729389465857,0.03711508918791,0.0362116991643454
ENSG00000112367,3.72195620318547,12.4440877098919,0.0368643802001404,0.0367166686658522,0.035832414553473
ENSG00000156642,2.42386148553621,17.9595252827577,0.0366835997370463,0.0364591830413203,0.0355871886120996
ENSG00000058272,2.36971396891575,8.03031115287284,0.0365899418054899,0.036516252270127,0.0356415478615071
ENSG00000187098,3.10536390933269,7.1568710815759,0.0365761771718585,0.0364484062244087,0.0355769230769231
ENSG00000006576,2.60337285737803,5.51962409056086,0.0365654405917597,0.0363877330834558,0.0355191256830601
ENSG00000010803,3.09572585878941,20.3638681803617,0.0365562471907335,0.0363611773606947,0.0354938271604938
ENSG00000082556,3.71982055620869,5.030573397686,0.0365524463723094,0.0363952806709953,0.0355263157894737
ENSG00000074803,4.62191446255569,25.1099139848577,0.0363465287328168,0.036169013965855,0.0353107344632768
ENSG00000114933,2.89367314738099,9.02619389503832,0.0362625806156749,0.0361153019839953,0.0352595494613124
ENSG00000149474,3.93902981155921,5.31691644116819,0.0362252135060755,0.0361595004611177,0.0353016688061617
ENSG00000092439,2.15753415000513,12.4037741818841,0.0361473184604161,0.0360686126792936,0.0352150537634409
ENSG00000197442,3.17916619041437,4.5963600589544,0.0361147469402332,0.0359619446993283,0.0351133869787857
ENSG00000116745,3.06016301287607,9.05954201904038,0.035741697552008,0.0355380178443317,0.0347091932457786
ENSG00000101782,2.91573716266353,11.7703508246884,0.0356126096452659,0.0355095904478987,0.0346820809248555
ENSG00000151276,3.75815753043349,6.8465001816356,0.0355076405870578,0.0354650596750011,0.0346396081175647
ENSG00000159461,3.6527455505014,9.64512275840096,0.0354001391847392,0.0353006331434893,0.0344827586206897
ENSG00000041353,2.30782078170856,7.04201733718743,0.0353065358179121,0.0352177373158282,0.0344036697247706
ENSG00000118257,4.47907498733721,6.21038037491194,0.0352873770387785,0.0351841720089239,0.0343716433941998
ENSG00000135127,3.57877110721518,10.2184450458447,0.0352347899500546,0.0350153354794899,0.0342105263157895
ENSG00000152377,4.04436357443195,9.34736608131208,0.0351669462363409,0.0349713698647752,0.0341685649202733
ENSG00000183762,5.0723300153931,8.70929493508217,0.0349832962002764,0.0348393548756556,0.0340425531914894
ENSG00000118276,2.78182033923739,7.75851477654853,0.0349307101257176,0.0348276857195688,0.0340314136125654
ENSG00000143028,3.77710977240333,9.0408446349865,0.0349201768369251,0.0348900117261696,0.0340909090909091
ENSG00000175161,2.23761737082623,4.97453948594102,0.0336893641095357,0.0336056214044546,0.0328638497652582
ENSG00000167210,4.72892188004411,10.3824272127081,0.0334975306966443,0.0334006954586641,0.0326678765880218
ENSG00000124198,3.32717639587547,7.90851931847639,0.0330378595219189,0.0329251341564301,0.0322128851540616
ENSG00000131730,3.84413633559734,3.99393653415862,0.0330031724726617,0.0329321194616764,0.0322195704057279
ENSG00000116711,3.04795456095674,9.13620249370011,0.0329712749626885,0.0327921082603737,0.0320855614973262
ENSG00000137872,3.98851615048448,17.858485466053,0.0328999093515858,0.0328623995266052,0.0321528424976701
ENSG00000133958,3.53723600518496,5.55653340293015,0.0328875125589065,0.0327562976269961,0.032051282051282
ENSG00000166111,4.01467925156566,6.03544795181696,0.0325085288570992,0.0324065657484276,0.0317164179104478
ENSG00000170242,2.17355866625421,10.9134019337308,0.0324534037391841,0.032322981268043,0.0316363636363636
ENSG00000154065,4.49917562071422,6.21586006533532,0.0323188764101863,0.0322447848638296,0.0315614617940199
ENSG00000128595,1.91888021881518,6.7733256277866,0.0322201887206103,0.0321477783238368,0.0314685314685315
ENSG00000170390,3.89282368296291,8.8321582761878,0.0321990613727246,0.0321380069416095,0.0314591700133869
ENSG00000175216,2.36046494888369,8.55658831423388,0.0320833903534978,0.0319518382959498,0.0312807881773399
ENSG00000021776,3.35038686603451,26.4691719815352,0.0320615321926215,0.031941878847794,0.0312712440516655
ENSG00000138411,5.44569782219375,30.5208094180954,0.0319812457702493,0.0318989279945598,0.0312300828553219
ENSG00000165029,3.24974795731988,4.90609434613424,0.031941585821609,0.0318476030562081,0.0311808934099956
ENSG00000052841,2.93515516538748,5.78535992062154,0.0319059563953607,0.0317768291768128,0.0311130587204207
ENSG00000038358,3.63744691631067,10.7334213196996,0.0318363114216271,0.0317565685378519,0.0310936383130808
ENSG00000164327,2.1982123623819,8.14687872570802,0.0318085724589466,0.0317096080533734,0.0310486233157586
ENSG00000033627,3.37740196206083,12.8630783699905,0.0317837808598013,0.031686271999119,0.0310262529832936
ENSG00000065413,4.62179563626457,23.3296076093193,0.031777439904918,0.0316169048076958,0.0309597523219814
ENSG00000155111,2.89474320202032,4.92367327265416,0.0317566709691221,0.0315943453150893,0.030938123752495
ENSG00000151812,4.14060903037535,10.8283629339142,0.0317153705594159,0.0315836140125951,0.0309278350515464
ENSG00000115419,2.92966329837098,20.2128712557787,0.0316056607085755,0.0314302505082697,0.0307807807807808
ENSG00000114948,3.18278736536192,6.28825903354107,0.0315267988494173,0.0314379636612524,0.0307881773399015
ENSG00000204560,4.24313688276227,23.432870323733,0.0315115132994695,0.0314490881125494,0.0307988450433109
ENSG00000100504,3.30253327753642,6.08196579902992,0.0314288460565767,0.0313802810451453,0.0307328605200946
ENSG00000105810,2.38811382504367,8.21495231663385,0.031425110597325,0.0313197907714445,0.0306748466257669
ENSG00000149294,3.8971658964052,14.5752250278874,0.031370549455362,0.0313424472712184,0.0306965761511216
ENSG00000174839,2.61260343574059,5.48053405951038,0.0313331532069712,0.0312193551980716,0.0305785123966942
ENSG00000108788,3.04207290233277,6.1283746901131,0.0309818886413387,0.0308262567641639,0.0302013422818792
ENSG00000145348,2.93191939141939,6.08911952478504,0.0309203224749421,0.0308614967090394,0.0302351623740202
ENSG00000156671,2.24576710708146,5.56987315533114,0.0308851554397599,0.0307420083998978,0.0301204819277108
ENSG00000124818,2.88705852173826,7.58237391610929,0.030578399585908,0.0304389600863087,0.0298295454545455
ENSG00000145675,4.6163975022465,27.4124584025186,0.0305614570429515,0.0303000341198312,0.0296961325966851
ENSG00000145725,2.32471422707939,7.55908585447623,0.0305407770125582,0.0304402773536639,0.0298308103294746
ENSG00000158435,3.30149158860609,6.69389893417035,0.0304556937259532,0.0303071537534075,0.0297029702970297
ENSG00000146247,2.15456656167948,10.8412490993781,0.0303971692375744,0.0303071537534075,0.0297029702970297
ENSG00000117528,2.42319842404099,4.92834658066197,0.0303207747250921,0.030283616957548,0.0296803652968037
ENSG00000146463,1.90990944733391,9.15024629462533,0.0300831169412456,0.0300238021562678,0.0294307891332471
ENSG00000164176,2.66335040257397,4.78798888775965,0.0299893973888881,0.0297489422943236,0.0291666666666667
ENSG00000102302,3.56292333433028,15.4280939847124,0.0299661223346868,0.0297805871963345,0.0291970802919708
ENSG00000082805,2.78327971491607,8.83174759657224,0.0299172561465528,0.0297023280427781,0.0291218637992832
ENSG00000080546,2.57978930234254,8.24926104165067,0.0298612170914517,0.0296151984632312,0.029038112522686
ENSG00000116729,3.49058341580552,5.75013732916696,0.0294394715125871,0.0293361739845102,0.0287698412698413
ENSG00000131323,4.36018514970509,6.34592009186014,0.0290740244284122,0.0288150685885084,0.0282685512367491
ENSG00000168488,3.03613134153172,13.2838829345363,0.0289891976223858,0.0288976296568601,0.0283479960899316
ENSG00000081019,1.86338292994714,9.77906329192322,0.028988984994335,0.0289611270958347,0.0284090909090909
ENSG00000163686,4.77067937019932,9.04967247289886,0.0288951759506492,0.028820532850414,0.0282738095238095
ENSG00000101746,2.98863418237072,18.6036860445846,0.0288574805490258,0.028803539726964,0.0282574568288854
ENSG00000136152,2.88363808953047,6.74041632734286,0.0287408479704273,0.0286223036963593,0.0280830280830281
ENSG00000175073,1.99937961185421,13.6356749939414,0.0287162092870721,0.0284473587303364,0.0279146141215107
ENSG00000165868,5.1088531210736,5.15077199107139,0.0285250703146279,0.0284795632453284,0.0279456193353474
ENSG00000184588,3.62191546974035,12.2886423103676,0.0284259888412998,0.0283052459871352,0.0277777777777778
ENSG00000153956,2.73926533220677,6.3939146027195,0.0283115093256138,0.0281988101677556,0.0276752767527675
ENSG00000109819,1.92180077535373,6.4885127770893,0.0281821351348091,0.0281603044464387,0.0276381909547739
ENSG00000117114,2.89009590547125,5.44402128925513,0.0281632838816815,0.028081033785604,0.0275618374558304
ENSG00000137198,5.31310749117169,18.0030903501047,0.0280624366998053,0.0280544518032233,0.027536231884058
ENSG00000101542,3.5648047642375,18.4879673805116,0.0280592050973432,0.0279812019121009,0.0274656679151061
ENSG00000011566,2.43751311911359,6.64450136509591,0.0280165138397611,0.0279181492043485,0.0274049217002237
ENSG00000125686,2.02342216285556,17.1743061714081,0.0279691267122334,0.027919259138929,0.0274059910771192
ENSG00000133107,3.85110895913456,8.32470446675817,0.0278427709526138,0.0277421717731934,0.0272353545734841
ENSG00000152520,2.29618728768094,10.6101422732841,0.0278175299361154,0.0277125121751072,0.0272067714631197
ENSG00000134215,3.12471167214157,10.1402529361616,0.0277077811522666,0.0276584447759972,0.0271546635182999
ENSG00000145715,2.05973303787481,5.51234453829586,0.0276792584740117,0.0274989886114709,0.0270009643201543
ENSG00000140443,4.91385368863457,14.0462982061116,0.0276457355938784,0.0275670465715303,0.0270665691294806
ENSG00000185278,2.68258173091402,15.7534512818473,0.027482509403155,0.0273864097313231,0.0268924302788845
ENSG00000165995,4.436447258494,14.7987939811188,0.0273486905560049,0.0272474178851136,0.0267584097859327
ENSG00000136068,4.53190724219586,6.15850589534644,0.0270723785385241,0.0269982202099657,0.0265180630284397
ENSG00000162409,3.78669996064868,26.4962848777167,0.0268758145753811,0.0267391564642388,0.026268115942029
ENSG00000081803,2.97392201090337,20.3638884055015,0.0268313271810086,0.0267674696516536,0.0262954369682908
ENSG00000159579,1.97608275298734,7.04792931441259,0.0267062468775886,0.0265045248339816,0.0260416666666667
ENSG00000119912,2.41761332324405,8.8752678546971,0.0266592058941788,0.0265791232459258,0.0261136712749616
ENSG00000113578,3.7277742268531,9.93794686802638,0.0266398436491748,0.0262608883838265,0.0258064516129032
ENSG00000104812,6.59919771978933,35.8622843221528,0.0263126350696003,0.026233691396041,0.0257801899592944
ENSG00000188895,1.54269561864762,23.3086595290016,0.0261252100595206,0.0260895870640617,0.0256410256410256
ENSG00000083642,2.28081820494361,7.31335195941533,0.025770289110913,0.0256585472987152,0.025224602626123
ENSG00000198513,2.28762203168382,7.50108829631189,0.0256434201990277,0.0255188650732377,0.025089605734767
ENSG00000121741,2.13543527034158,7.52946045405809,0.0255709975053175,0.0255013479581171,0.0250726744186047
ENSG00000170325,4.10425360614077,8.82977491874582,0.0255274331071092,0.0254995696260267,0.0250709555345317
ENSG00000091039,2.17024374046106,9.15280081172097,0.0252613337809799,0.0251932083270267,0.0247747747747748
ENSG00000005339,3.31694189040786,8.46429865990738,0.0249703047107414,0.0248942111137073,0.0244855967078189
ENSG00000078142,2.75069887736806,8.11869685176927,0.024955692550609,0.0247243545976285,0.0243212669683258
ENSG00000109738,3.18207556370927,6.3485274950311,0.0248551058116283,0.0245923671172431,0.0241935483870968
ENSG00000120063,2.68058306444121,13.6616149533212,0.0242725661498817,0.0242608753991395,0.0238726790450928
ENSG00000109680,2.18858799904265,7.28033414615005,0.0242039271087022,0.0241488987595153,0.0237642585551331
ENSG00000124067,3.96161736158609,7.91583762069409,0.0241338498134191,0.0240260784965409,0.0236453201970443
ENSG00000112319,2.6512400965926,4.18360714570015,0.023987559911294,0.0239162650251216,0.023538961038961
ENSG00000013016,5.47847088154131,29.7519238352767,0.023920900544041,0.0237361582130863,0.0233644859813084
ENSG00000147852,4.04952341032207,15.6913706975716,0.0238976843270833,0.0238577136813225,0.0234822451317297
ENSG00000204217,2.60081429873549,20.8368667253689,0.0235725109796701,0.023485284799612,0.023121387283237
ENSG00000106025,2.28812619773512,7.52028174943135,0.0234841029415713,0.0233093122244564,0.0229508196721311
ENSG00000181690,2.98111331224026,8.68135145081515,0.0234467237646938,0.0234075986515803,0.0230460921843687
ENSG00000138696,3.51983402214027,7.29395041766303,0.0233968136873847,0.0232655202430926,0.0229083665338645
ENSG00000175893,1.50395003355347,8.36090985818455,0.0230506348398352,0.0229903058182518,0.0226415094339623
ENSG00000197535,2.73678601603519,7.16766822021877,0.0228516078592163,0.0228091006967268,0.0224657534246575
ENSG00000198739,1.91183439446594,6.99466262055841,0.0227907544467913,0.0227157724660805,0.0223752151462995
ENSG00000161217,4.45918213619157,36.8564512396388,0.0225363123495179,0.0224946570930297,0.0221606648199446
ENSG00000168280,3.17826314802756,15.0333435279132,0.0224486836635115,0.0223183311861563,0.0219895287958115
ENSG00000155897,3.48280492239135,5.86458234828923,0.0224389691620169,0.0224018825853607,0.0220706260032103
ENSG00000104413,2.55414807495811,13.3687443571254,0.0224296910993175,0.0223563497233696,0.0220264317180617
ENSG00000104756,2.31511556282864,7.45413219180678,0.0223867509520411,0.0221755284439122,0.0218508997429306
ENSG00000160695,3.19491166615679,13.6040791779087,0.0222491367241237,0.0221318685628238,0.0218085106382979
ENSG00000092964,3.56578195400052,10.5367859665966,0.0222058142496685,0.0221778429908397,0.0218531468531469
ENSG00000134569,3.28208341835998,5.84378474861537,0.022162621413567,0.0221074244272573,0.0217847769028871
ENSG00000197702,2.8586508230026,12.6662314483072,0.0221545536104506,0.0218197207062486,0.021505376344086
ENSG00000148154,2.17811616898377,6.01263281967714,0.0220772546500744,0.0218899658148988,0.0215736040609137
ENSG00000198742,3.94728332985681,5.26437677520579,0.0217500682697341,0.0215093372394533,0.021203830369357
ENSG00000107021,3.90269323043828,12.842268284272,0.0215956336350655,0.0215568516492405,0.02125
ENSG00000261609,3.62657202430658,5.15987827985223,0.0214041282073505,0.021235846719392,0.0209380234505863
ENSG00000005812,2.09349674951033,9.97003477586451,0.0213870836009,0.0213284514904001,0.0210280373831776
ENSG00000100505,3.2536330893504,5.26389329450205,0.0213611494627941,0.0212832285412472,0.0209840810419682
ENSG00000196376,3.50302803489777,20.481992620164,0.0212788815531654,0.0212337246194185,0.020935960591133
ENSG00000132170,3.03599495099397,8.49136459916149,0.021243463218566,0.0210857261106295,0.0207920792079208
ENSG00000113532,2.35594291293766,16.3715164128498,0.0212098595836301,0.0211878497143888,0.020891364902507
ENSG00000278311,1.56452178695399,9.73254310098471,0.0212096489424997,0.0211281577250223,0.0208333333333333
ENSG00000166889,2.74249125816109,7.17109309690697,0.0211382785404209,0.021072501163088,0.0207792207792208
ENSG00000147475,3.30980439621003,5.85697620455557,0.0209773648231665,0.0209385483193859,0.0206489675516224
ENSG00000162402,3.49798934475276,17.0518908889552,0.0208448926735335,0.0207270422324036,0.0204432556362247
ENSG00000105926,2.61797039708878,8.87013634356027,0.0208358689307723,0.0207299628656553,0.0204460966542751
ENSG00000115904,2.3519309279533,9.13887943113484,0.0208151813809072,0.0207705581863779,0.0204855842185129
ENSG00000198648,2.44243492487688,5.27039141852551,0.0207666610459511,0.0206909673891218,0.0204081632653061
ENSG00000157542,4.17134462570917,7.13563263189425,0.0206810973819521,0.0203686639892326,0.0200945626477541
ENSG00000184014,2.42759688233128,6.48506740507042,0.0206791033111054,0.0206089584992764,0.0203283815480844
ENSG00000152127,3.63628690068472,17.067427062843,0.0205865888419276,0.0205492306410858,0.0202702702702703
ENSG00000047188,2.68887420954331,16.3659094607904,0.0205843952102028,0.0205589432136874,0.0202797202797203
ENSG00000169554,2.17684277330341,23.8075147960598,0.0204809677291239,0.0204577114219362,0.0201812191103789
ENSG00000179454,2.476740134437,14.2873979772594,0.0204506025144285,0.0204154616799944,0.0201401050788091
ENSG00000175115,3.74418603869839,14.712989456067,0.0201008259480178,0.0200574937316332,0.0197916666666667
ENSG00000109670,2.1485842355611,5.30836282424201,0.0200889355995154,0.020068086877162,0.0198019801980198
ENSG00000081189,1.83599230465352,6.21603349355667,0.0199341702311929,0.0199126740705906,0.0196506550218341
ENSG00000144290,2.16891590756715,7.14253089140808,0.019880398452046,0.0198229117366628,0.0195632393084622
ENSG00000122012,3.68036088112576,5.78258331968351,0.0196103753412503,0.0195087636323339,0.0192572214580468
ENSG00000158966,3.94082981047744,7.37508613211145,0.0195503867287968,0.0194654769203805,0.0192150449713818
ENSG00000149136,4.3073832498439,11.3712634537131,0.0194723568719874,0.0193420461621856,0.0190947666195191
ENSG00000137942,2.07114476591049,6.63932476616164,0.019312454946555,0.0192532894043744,0.0190082644628099
ENSG00000137764,2.40302976056912,7.40333897356401,0.0192958695186335,0.0192173286659232,0.0189732142857143
ENSG00000166206,4.49002959589215,7.85464300783225,0.0192697682415082,0.0192608772430924,0.0190156599552573
ENSG00000186318,3.07603095935882,9.47608988700927,0.0192148005317979,0.0192059012263551,0.0189620758483034
ENSG00000275410,5.53349724150192,54.0594187867847,0.0192058309266641,0.0190919399950114,0.018850987432675
ENSG00000082482,3.39500101300929,5.82693982473213,0.0190796414245618,0.0190637745613616,0.0188235294117647
ENSG00000182732,3.8970776485373,7.98322644880154,0.018650972971492,0.0185959939599122,0.0183673469387755
ENSG00000153012,4.19247566474119,6.50188010704691,0.0186369515388191,0.0185677235439568,0.0183397683397683
ENSG00000173406,4.06545528780239,24.332006775093,0.0183351695444104,0.018304752384607,0.0180831826401447
ENSG00000162923,2.109998164268,7.39718801796938,0.018241359508511,0.0181587817517032,0.0179407176287051
ENSG00000135999,1.35460730089648,12.4488470632723,0.0182214157297196,0.018186509813363,0.0179677819083024
ENSG00000102547,2.80171988288344,5.33547563636439,0.0182054635790189,0.0180188846902424,0.0178041543026706
ENSG00000115464,1.95366101611812,8.70987844992136,0.0181767302887603,0.0181351053490473,0.0179176072234763
ENSG00000176658,3.55481275302342,8.57807427507419,0.0181375178735289,0.0181095317289139,0.0178926441351889
ENSG00000165219,2.26320163430324,6.77922496749882,0.0180200236075725,0.017958604482423,0.0177453027139875
ENSG00000156687,3.87145850303746,19.8881808826891,0.0178402028158863,0.0178001882490708,0.017590618336887
ENSG00000136631,3.6872160731965,36.739048345856,0.0177990569364463,0.0177523080644286,0.0175438596491228
ENSG00000120251,2.38159034600909,8.28760285737813,0.01778446026559,0.0177624803145304,0.0175537938844847
ENSG00000145451,2.84277076806329,8.33596361668828,0.0177662916450139,0.0176349050195365,0.0174291938997821
ENSG00000110693,1.83447807161108,6.30252448354635,0.0175996159830319,0.0175740258130728,0.0173697270471464
ENSG00000166266,1.72406509115243,5.7994564338186,0.0175791620538768,0.0175105229977434,0.0173076923076923
ENSG00000059758,1.82590399177125,6.12271071818546,0.0175405034115232,0.0174089053959139,0.017208413001912
ENSG00000154127,4.51419468432923,10.7938905686564,0.017471523061317,0.0174426466232004,0.0172413793103448
ENSG00000156983,2.555436268712,12.5497076006956,0.0171792679908457,0.0170935692477784,0.0169002473206925
ENSG00000131459,4.46823221736786,5.55503870902926,0.0170723640843554,0.0170546152271171,0.0168621700879765
ENSG00000164532,3.38805990549584,7.09568731298001,0.0170612147594257,0.0170461883081671,0.0168539325842697
ENSG00000162670,3.84860088182017,13.3228614824386,0.0165546624040589,0.0164986855463394,0.0163185378590078
ENSG00000115306,3.24651498825647,6.77041299002975,0.016512639683828,0.0164724248295641,0.0162928480744816
ENSG00000151572,2.49658231210413,4.5648999879922,0.0164680595120052,0.0164085584880388,0.0162303664921466
ENSG00000132356,2.49900164427726,15.5264660611506,0.0163521241743035,0.0162755030498385,0.0161001788908766
ENSG00000005249,2.59626751245862,7.55239763679645,0.0160162204338646,0.015944999570137,0.0157766990291262
ENSG00000198380,2.45532030838131,12.1984837355203,0.015686468415447,0.0155791951754165,0.0154185022026432
ENSG00000151240,3.30249009223195,3.76047871399622,0.0152880563445747,0.0152255890742688,0.0150720838794233
ENSG00000064419,2.20872136048821,7.29278404663459,0.014821494935276,0.0147707181021945,0.014626218851571
ENSG00000148200,2.42736533085653,7.96621013411606,0.014763326927317,0.0147269808876442,0.0145833333333333
ENSG00000134363,2.76181633626477,8.95868318821262,0.0147599504344397,0.0147207866103305,0.0145772594752187
ENSG00000177511,1.74101136996902,5.07164470053514,0.0146609105701742,0.0146151657551225,0.0144736842105263
ENSG00000171724,3.23862628388015,5.9491097846104,0.0145707953503485,0.0145282993169998,0.0143884892086331
ENSG00000138443,2.54921697316262,12.0942972023968,0.0145542428148736,0.0145433919859878,0.01440329218107
ENSG00000119820,2.14635605460046,7.2440732951722,0.0145320200562124,0.0144832086848155,0.014344262295082
ENSG00000112062,3.20394581221202,9.24180053492677,0.0144387005096106,0.0143820322607527,0.0142450142450142
ENSG00000198963,3.1983425910221,5.93770259505704,0.0143762884977439,0.0143597906447812,0.0142231947483589
ENSG00000072110,3.57742355658752,9.88650569912644,0.0142087702957612,0.0141460247890332,0.0140134529147982
ENSG00000100201,2.25630306949883,7.86540419983779,0.0139460711814574,0.0139322891797016,0.0138036809815951
ENSG00000004866,3.42669912148149,32.7972116173364,0.0138875082540223,0.0138380309348374,0.0137111517367459
ENSG00000147894,2.19259036926778,6.01217649241961,0.0136917838679009,0.0136367393123929,0.0135135135135135
ENSG00000152413,2.46497362689537,8.44168251646078,0.0129648930132015,0.0128943004052797,0.0127840909090909
ENSG00000140015,2.88612772312068,7.85769416577331,0.0127897535005379,0.0127597497456205,0.0126518218623482
ENSG00000013503,2.92732613915849,4.94845435761791,0.0125448089642661,0.0124594974570131,0.0123565754633716
ENSG00000069667,3.22883983631628,5.54883047081012,0.0122496291314072,0.0121326175159189,0.012035010940919
ENSG00000178538,2.83184137294928,6.54543980539965,0.0122264845260182,0.0121671266301654,0.0120689655172414
ENSG00000157500,2.16512405783388,8.83842888369127,0.0121485105055624,0.0121200356156113,0.012022630834512
ENSG00000061676,1.79192501460847,8.75231676014012,0.0120654647844144,0.0120002560098308,0.0119047619047619
ENSG00000196628,2.35557503043536,4.17729825811997,0.0120407808170345,0.012036366652848,0.0119402985074627
ENSG00000131473,4.11746741994777,8.78592205386606,0.0119376495667616,0.0119232104501555,0.0118289353958144
ENSG00000129083,1.81798392944528,10.0055708814243,0.0117096296079673,0.0116322388113908,0.0115424973767051
ENSG00000113648,4.12065725586456,10.7775425292219,0.0114522926155044,0.0114179179504755,0.0113314447592068
ENSG00000109339,2.81598927758763,7.85227911074306,0.0110335914309445,0.0108776380994212,0.0107991360691145
ENSG00000182985,3.48465757737457,31.8786870970469,0.0108153285802081,0.0107374775996681,0.0106609808102345
ENSG00000110328,3.77473829284732,10.1980810170849,0.0108130858600828,0.0107855841039215,0.0107084019769358
ENSG00000159899,2.39395156637623,12.7639102961173,0.0106045607614938,0.0105906766199748,0.0105162523900574
ENSG00000047249,2.59356715647378,7.16699608395442,0.0104549454084786,0.0104240732931112,0.010351966873706
ENSG00000113719,4.03277536555559,5.66905056870811,0.0104461995998472,0.0104168341205004,0.0103448275862069
ENSG00000080298,2.15929189686483,5.23987352608885,0.0101408206687064,0.0101079697076105,0.0100401606425703
ENSG00000198728,2.27538671385489,10.113633290972,0.00980866056641974,0.00979605763261286,0.0097323600973236
ENSG00000198700,2.70323675907492,6.21216089398525,0.00971173797728951,0.00967755362693088,0.00961538461538462
ENSG00000135903,3.24406250435912,6.10371743181367,0.00938303490340358,0.00937512207317362,0.0093167701863354
ENSG00000112333,5.34714043151811,31.631356141378,0.00935258888606726,0.00934175778518981,0.00928381962864721
ENSG00000204178,2.21405946483509,14.0664718290603,0.00917081273091771,0.00914645482036368,0.00909090909090909
ENSG00000196092,3.22966086029344,10.2999216669813,0.00902032082538489,0.00900525398529283,0.00895140664961637
ENSG00000035403,2.76049585141614,24.1896887834709,0.00898093177399518,0.00896519010970634,0.00891181988742964
ENSG00000165997,2.78497951162565,10.2143141370425,0.00843441428936889,0.00842705495019438,0.00837988826815642
ENSG00000036257,1.56501103615404,5.8159829076216,0.00814473576307758,0.00809724464266721,0.00805369127516779
ENSG00000156113,2.55733673507314,6.71796915348505,0.0078397914865938,0.00782759096403989,0.00778688524590164
ENSG00000153234,1.65922369575299,7.24459692706973,0.00672274676360315,0.00671896990866868,0.00668896321070234
ENSG00000127955,2.65977470154217,5.12000469696518,0.00573421216475706,0.00567110452543236,0.00564971751412429
ENSG00000107105,1.30964500814871,18.065975035208,0.00561598083361152,0.00559182459850748,0.00557103064066852
ENSG00000137817,1.9375317646631,9.38511266508415,0.00558358294549868,0.00557623386563857,0.00555555555555556
ENSG00000102974,2.31986711069072,21.7911127046299,0.00552790947623516,0.00552234432377916,0.00550206327372765
ENSG00000132639,1.82457076207025,10.6207290869689,0.00488707528076442,0.00487014698291126,0.00485436893203883
ENSG00000117569,1.59686938633553,11.0925997106668,0.00473232741607364,0.00471403186122056,0.00469924812030075
ENSG00000143995,1.25595749009527,13.1241842710213,0.0040118657909913,0.00401070474494643,0.004
ENSG00000154975,2.21071911168566,12.757310540508,0.00305812690435893,0.00305499404072684,0.00304878048780488
ENSG00000139910,0.993940440134118,16.0714233397207,0.00296804825998374,0.00296443073686752,0.0029585798816568
ENSG00000119396,1.32753932480261,6.09385118972232,0.00233954746507662,0.00232919441861485,0.00232558139534884
ENSG00000115963,2.12110540488686,10.0940532938487,0.00205922148034106,0.00205198486415606,0.00204918032786885
